ID,SKU,Slug,Name,"Name (AR)","Short Description","Short Description (AR)",Description,"Description (AR)",Category,Subcategory,Price,"Compare Price","Discount %",Stock,"Low Stock Threshold",Status,Featured,Color,"Color Hex","Available Sizes","Size Stock","Available Colors","Variant Stock","Product Group","Times Purchased","Avg Rating","Review Count","View Count","Primary Image","Created At","Updated At"
41,HIM-5300,a4-sketchbook-100-pages,"A4 Sketchbook 100 Pages","دفتر رسم A4 - 100 صفحة","Premium A4 sketchbook with 100 pages of acid-free paper. 160gsm weight, suitable for pencil, charcoal, and light markers.","دفتر رسم A4 فاخر مع 100 صفحة من الورق الخالي من الحمض. وزن 160 جرام، مناسب للقلم الرصاص والفحم والأقلام الخفيفة.","Premium A4 sketchbook with 100 pages of acid-free paper. 160gsm weight, suitable for pencil, charcoal, and light markers.","دفتر رسم A4 فاخر مع 100 صفحة من الورق الخالي من الحمض. وزن 160 جرام، مناسب للقلم الرصاص والفحم والأقلام الخفيفة.",Stationery,"Office Supplies",10.00,,,55,,Active,No,,,,,,,,46,5.0,2,333,a4-sketchbook-100-pages.webp,"2026-01-26 10:26:50","2026-01-26 10:26:52"
14,LAP-GU3587,acer-swift-go-14,"Acer Swift Go 14","أيسر سويفت جو 14","Ultra-portable with Intel Core Ultra and stunning 2.8K OLED display.","خفيف جداً مع معالج إنتل كور ألترا وشاشة OLED مذهلة بدقة 2.8K.","Ultra-portable with Intel Core Ultra and stunning 2.8K OLED display.","خفيف جداً مع معالج إنتل كور ألترا وشاشة OLED مذهلة بدقة 2.8K.",Electronics,Laptops,899.00,"1,500.00",40.1%,22,,Active,No,,,,,,,,76,4.3,51,1890,acer-swift-go-14.webp,"2026-01-26 10:26:50","2026-01-26 10:26:50"
34,LZN-6054,adjustable-dumbbell-set,"Adjustable Dumbbell Set","طقم دمبل قابل للتعديل","Space-saving adjustable dumbbells from 2.5kg to 12.5kg each. Quick-change weight system, anti-slip grip.","دمبل قابل للتعديل موفر للمساحة من 2.5 كجم إلى 12.5 كجم لكل واحد. نظام تغيير وزن سريع، قبضة مانعة للانزلاق.","Space-saving adjustable dumbbells from 2.5kg to 12.5kg each. Quick-change weight system, anti-slip grip.","دمبل قابل للتعديل موفر للمساحة من 2.5 كجم إلى 12.5 كجم لكل واحد. نظام تغيير وزن سريع، قبضة مانعة للانزلاق.",Sports,"Fitness Equipment",45.00,,,20,,Active,No,,,,,,,,74,4.1,49,224,adjustable-dumbbell-set.webp,"2026-01-26 10:26:50","2026-01-26 10:26:51"
17,ACC-M77020,anker-powercore-20000mah,"Anker PowerCore 20000mAh","أنكر باور كور 20000 مللي أمبير","High-capacity power bank with dual USB ports and fast charging.","بطارية خارجية عالية السعة مع منفذين USB وشحن سريع.","High-capacity power bank with dual USB ports and fast charging.","بطارية خارجية عالية السعة مع منفذين USB وشحن سريع.",Electronics,Accessories,59.00,150.00,60.7%,85,,Active,No,,,,,,,,289,5.0,1,2892,anker-powercore-20000mah.webp,"2026-01-26 10:26:50","2026-02-03 07:34:10"
15,ACC-EY2182,apple-airpods-pro-2nd-gen,"Apple AirPods Pro 2nd Gen","أبل إيربودز برو الجيل الثاني","Active noise cancellation, spatial audio, and USB-C charging case.","إلغاء الضوضاء النشط والصوت المكاني وعلبة شحن USB-C.","Active noise cancellation, spatial audio, and USB-C charging case.","إلغاء الضوضاء النشط والصوت المكاني وعلبة شحن USB-C.",Electronics,Accessories,249.00,,,65,,Active,Yes,,,,,,,,312,4.8,234,5670,apple-airpods-pro-2nd-gen.webp,"2026-01-26 10:26:50","2026-01-26 10:26:50"
20,ACC-3U5936,apple-watch-series-9,"Apple Watch Series 9","أبل واتش سيريز 9","Advanced health features with double tap gesture and brighter display.","ميزات صحية متقدمة مع إيماءة النقر المزدوج وشاشة أكثر سطوعاً.","Advanced health features with double tap gesture and brighter display.","ميزات صحية متقدمة مع إيماءة النقر المزدوج وشاشة أكثر سطوعاً.",Electronics,Accessories,429.00,,,30,,Active,Yes,,,,,,,,134,4.7,89,3890,apple-watch-series-9.webp,"2026-01-26 10:26:50","2026-01-26 10:26:50"
61,L0C-6570,arabic-calligraphy-set,"Arabic Calligraphy Set","طقم خط عربي","Complete Arabic calligraphy starter kit with bamboo pens, ink, and practice sheets. Includes instruction booklet.","طقم خط عربي متكامل للمبتدئين مع أقلام خيزران وحبر وأوراق تدريب. يتضمن كتيب تعليمات.","Complete Arabic calligraphy starter kit with bamboo pens, ink, and practice sheets. Includes instruction booklet.","طقم خط عربي متكامل للمبتدئين مع أقلام خيزران وحبر وأوراق تدريب. يتضمن كتيب تعليمات.",Stationery,"Office Supplies",28.00,,,25,,Active,No,,,,,,,,24,4.5,2,555,arabic-calligraphy-set.webp,"2026-01-26 10:26:50","2026-01-26 10:26:52"
79,M38-B1256,army-oef-m1xs-main-battle-tank-314pcs,"ARMY-OEF-M1XS Main Battle Tank 314pcs","دبابة قتال رئيسية – 314 قطعة","Get ready for an exciting and tactical experience with the ARMY-OEF-M1XS Main Battle Tank!","استعد لتجربة مليئة بالإثارة والتكتيك مع دبابة القتال الرئيسية ARMY-OEF-M1XS!","Get ready for an exciting and tactical experience with the ARMY-OEF-M1XS Main Battle Tank!","استعد لتجربة مليئة بالإثارة والتكتيك مع دبابة القتال الرئيسية ARMY-OEF-M1XS!","Building Blocks",Military,17.23,,,48,,Active,No,,,,,,,,57,4.5,27,414,army-oef-m1xs-main-battle-tank-314pcs.webp,"2026-01-26 10:26:50","2026-01-26 10:26:51"
78,M38-B1258,army-oef-stryker-ads-310pcs,"ARMY-OEF-Stryker ADS 310pcs","وحدة سترايكر ADS – طقم تركيب 310 قطعة","Discover tactical building fun with the Sluban OEF Stryker ADS set, featuring 310 pieces.","اكتشف متعة البناء والتكتيك مع طقم وحدة سترايكر ADS من Sluban.","Discover tactical building fun with the Sluban OEF Stryker ADS set, featuring 310 pieces.","اكتشف متعة البناء والتكتيك مع طقم وحدة سترايكر ADS من Sluban.","Building Blocks",Military,17.23,,,48,,Active,No,,,,,,,,33,4.1,22,151,army-oef-stryker-ads-310pcs.webp,"2026-01-26 10:26:50","2026-01-26 10:26:51"
53,OPZ-8674,aromatherapy-diffuser,"Aromatherapy Diffuser","موزع عطري للروائح","Ultrasonic essential oil diffuser with LED mood lighting. Quiet operation, auto shut-off, 300ml capacity.","موزع زيوت عطرية بالموجات فوق الصوتية مع إضاءة LED. تشغيل هادئ، إيقاف تلقائي، سعة 300 مل.","Ultrasonic essential oil diffuser with LED mood lighting. Quiet operation, auto shut-off, 300ml capacity.","موزع زيوت عطرية بالموجات فوق الصوتية مع إضاءة LED. تشغيل هادئ، إيقاف تلقائي، سعة 300 مل.","Home & Kitchen","Kitchen Appliances",22.00,55.00,60%,42,,Active,No,,,,,,,,21,5.0,1,670,aromatherapy-diffuser.webp,"2026-01-26 10:26:50","2026-01-26 10:26:52"
10,LAP-QR4862,asus-rog-strix-g16,"ASUS ROG Strix G16","أسوس روج ستريكس G16","RTX 4070 gaming laptop with 165Hz display and RGB lighting.","لابتوب ألعاب RTX 4070 مع شاشة 165Hz وإضاءة RGB.","RTX 4070 gaming laptop with 165Hz display and RGB lighting.","لابتوب ألعاب RTX 4070 مع شاشة 165Hz وإضاءة RGB.",Electronics,Laptops,"1,449.00",,,10,,Active,No,,,,,,,,50,4.7,34,2340,asus-rog-strix-g16.webp,"2026-01-26 10:26:50","2026-01-26 10:26:52"
44,SGZ-2132,baby-sippy-cup,"Baby Sippy Cup","كوب أطفال بمقبض","Spill-proof sippy cup with easy-grip handles. BPA-free, dishwasher safe, 240ml capacity. Ages 6+ months.","كوب أطفال مانع للانسكاب مع مقابض سهلة الإمساك. خالي من BPA، آمن لغسالة الصحون، سعة 240 مل. للأعمار 6+ أشهر.","Spill-proof sippy cup with easy-grip handles. BPA-free, dishwasher safe, 240ml capacity. Ages 6+ months.","كوب أطفال مانع للانسكاب مع مقابض سهلة الإمساك. خالي من BPA، آمن لغسالة الصحون، سعة 240 مل. للأعمار 6+ أشهر.",Kids,Toys,8.00,,,60,,Active,No,,,,,,,,66,3.9,35,313,baby-sippy-cup.webp,"2026-01-26 10:26:50","2026-01-26 10:26:51"
31,WFG-5332,bamboo-cutting-board-set,"Bamboo Cutting Board Set","طقم ألواح تقطيع خيزران","Set of 3 organic bamboo cutting boards in different sizes. Knife-friendly surface, easy to clean, with juice grooves.","طقم من 3 ألواح تقطيع خيزران عضوي بأحجام مختلفة. سطح لطيف على السكاكين، سهل التنظيف، مع أخاديد للعصائر.","Set of 3 organic bamboo cutting boards in different sizes. Knife-friendly surface, easy to clean, with juice grooves.","طقم من 3 ألواح تقطيع خيزران عضوي بأحجام مختلفة. سطح لطيف على السكاكين، سهل التنظيف، مع أخاديد للعصائر.","Home & Kitchen","Kitchen Appliances",20.00,40.00,50%,40,,Active,No,,,,,,,,31,4.0,54,360,bamboo-cutting-board-set.webp,"2026-01-26 10:26:50","2026-01-26 10:26:51"
60,M6V-4445,bamboo-desk-organizer,"Bamboo Desk Organizer","منظم مكتب خشبي","Eco-friendly bamboo desk organizer with multiple compartments. Perfect for pens, phone, and office supplies.","منظم مكتب من الخيزران الصديق للبيئة مع جيوب متعددة. مثالي للأقلام والهاتف ومستلزمات المكتب.","Eco-friendly bamboo desk organizer with multiple compartments. Perfect for pens, phone, and office supplies.","منظم مكتب من الخيزران الصديق للبيئة مع جيوب متعددة. مثالي للأقلام والهاتف ومستلزمات المكتب.",Stationery,"Office Supplies",24.00,,,35,,Active,No,,,,,,,,57,5.0,58,232,bamboo-desk-organizer.webp,"2026-01-26 10:26:50","2026-01-26 10:26:51"
25,SKN-KZ3003,bioderma-sensibio-h2o-micellar,"Bioderma Sensibio H2O Micellar","بيوديرما سينسيبيو H2O ميسيلار","Gentle makeup remover for sensitive skin, 500ml.","مزيل مكياج لطيف للبشرة الحساسة، 500 مل.","Gentle makeup remover for sensitive skin, 500ml.","مزيل مكياج لطيف للبشرة الحساسة، 500 مل.",Skincare,,22.00,65.00,66.2%,85,,Active,No,,,,,,,,312,4.6,234,2980,bioderma-sensibio-h2o-micellar.webp,"2026-01-26 10:26:50","2026-01-26 10:26:51"
27,V3P-5799,canvas-tote-bag,"Canvas Tote Bag","حقيبة توت قماشية","Durable cotton canvas tote bag with inner pocket. Eco-friendly, reusable, great for shopping or daily use.","حقيبة توت من القماش القطني المتين مع جيب داخلي. صديقة للبيئة، قابلة لإعادة الاستخدام، رائعة للتسوق أو الاستخدام اليومي.","Durable cotton canvas tote bag with inner pocket. Eco-friendly, reusable, great for shopping or daily use.","حقيبة توت من القماش القطني المتين مع جيب داخلي. صديقة للبيئة، قابلة لإعادة الاستخدام، رائعة للتسوق أو الاستخدام اليومي.",Fashion,"Women's Fashion",15.00,27.00,44.4%,60,,Active,No,,,,,,,,21,4.9,37,223,canvas-tote-bag.webp,"2026-01-26 10:26:50","2026-01-26 10:26:51"
52,GHI-1825,ceramic-cookware-set-5pc,"Ceramic Cookware Set 5pc","طقم أواني سيراميك 5 قطع","Non-toxic ceramic coated cookware set. Includes frying pan, saucepan, and stockpot with lids. PFOA-free.","طقم أواني طهي بطلاء سيراميك غير سام. يشمل مقلاة وقدر صلصة وقدر كبير مع أغطية. خالي من PFOA.","Non-toxic ceramic coated cookware set. Includes frying pan, saucepan, and stockpot with lids. PFOA-free.","طقم أواني طهي بطلاء سيراميك غير سام. يشمل مقلاة وقدر صلصة وقدر كبير مع أغطية. خالي من PFOA.","Home & Kitchen","Kitchen Appliances",55.00,,,20,,Active,No,,,,,,,,31,4.9,42,481,ceramic-cookware-set-5pc.webp,"2026-01-26 10:26:50","2026-01-26 10:26:51"
22,SKN-GY6090,cerave-moisturizing-cream,"CeraVe Moisturizing Cream","كريم سيرافي المرطب","Rich cream with ceramides and hyaluronic acid for 24hr hydration.","كريم غني بالسيراميد وحمض الهيالورونيك لترطيب 24 ساعة.","Rich cream with ceramides and hyaluronic acid for 24hr hydration.","كريم غني بالسيراميد وحمض الهيالورونيك لترطيب 24 ساعة.",Skincare,,19.00,38.00,50%,110,,Active,Yes,,,,,,,,456,4.8,298,6780,cerave-moisturizing-cream.webp,"2026-01-26 10:26:50","2026-01-26 10:26:50"
46,9ET-1474,classic-leather-watch,"Classic Leather Watch","ساعة جلدية كلاسيكية","Elegant unisex watch with genuine leather strap and minimalist dial design. Water-resistant up to 30m, perfect for everyday wear.","ساعة أنيقة للجنسين مع حزام جلد طبيعي وتصميم بسيط للقرص. مقاومة للماء حتى 30 متر، مثالية للاستخدام اليومي.","Elegant unisex watch with genuine leather strap and minimalist dial design. Water-resistant up to 30m, perfect for everyday wear.","ساعة أنيقة للجنسين مع حزام جلد طبيعي وتصميم بسيط للقرص. مقاومة للماء حتى 30 متر، مثالية للاستخدام اليومي.",Fashion,"Men's Fashion",55.00,100.00,45%,30,,Active,No,,,,,,,,64,5.0,29,563,classic-leather-watch.webp,"2026-01-26 10:26:50","2026-01-26 10:26:51"
45,MWR-1208,coloring-book-set,"Coloring Book Set","مجموعة كتب تلوين","Set of 4 coloring books with crayons. Features animals, vehicles, nature, and characters. Ages 3+.","مجموعة من 4 كتب تلوين مع أقلام شمع. تتضمن حيوانات ومركبات وطبيعة وشخصيات. للأعمار 3+.","Set of 4 coloring books with crayons. Features animals, vehicles, nature, and characters. Ages 3+.","مجموعة من 4 كتب تلوين مع أقلام شمع. تتضمن حيوانات ومركبات وطبيعة وشخصيات. للأعمار 3+.",Kids,Toys,10.00,,,50,,Active,No,,,,,,,,44,5.0,1,496,coloring-book-set.webp,"2026-01-26 10:26:50","2026-01-26 10:26:52"
24,SKN-6A7130,dead-sea-mud-mask,"Dead Sea Mud Mask","قناع طين البحر الميت","Authentic Jordan Dead Sea mud for deep pore cleansing.","طين البحر الميت الأردني الأصلي لتنظيف المسام بعمق.","Authentic Jordan Dead Sea mud for deep pore cleansing.","طين البحر الميت الأردني الأصلي لتنظيف المسام بعمق.",Skincare,,24.00,40.00,40%,60,,Active,Yes,,,,,,,,267,4.7,189,3450,dead-sea-mud-mask.webp,"2026-01-26 10:26:50","2026-01-26 10:26:50"
9,LAP-TW1540,dell-xps-15-2024,"Dell XPS 15 (2024)","ديل XPS 15 (2024)","Intel Core Ultra, OLED display, and premium aluminum build.","معالج إنتل كور ألترا وشاشة OLED وهيكل ألمنيوم فاخر.","Intel Core Ultra, OLED display, and premium aluminum build.","معالج إنتل كور ألترا وشاشة OLED وهيكل ألمنيوم فاخر.",Electronics,Laptops,"1,599.00","5,330.00",70%,15,,Active,Yes,,,,,,,,68,4.0,2,1980,dell-xps-15-2024.webp,"2026-01-26 10:26:50","2026-01-26 10:26:52"
30,8GW-9037,electric-kettle-17l,"Electric Kettle 1.7L","غلاية كهربائية 1.7 لتر","Fast boiling electric kettle with auto shut-off and boil-dry protection. Stainless steel interior, BPA-free.","غلاية كهربائية سريعة الغليان مع إيقاف تلقائي وحماية من الغليان الجاف. داخلية ستانلس ستيل، خالية من BPA.","Fast boiling electric kettle with auto shut-off and boil-dry protection. Stainless steel interior, BPA-free.","غلاية كهربائية سريعة الغليان مع إيقاف تلقائي وحماية من الغليان الجاف. داخلية ستانلس ستيل، خالية من BPA.","Home & Kitchen","Kitchen Appliances",28.00,55.00,49.1%,35,,Active,No,,,,,,,,42,4.4,51,430,electric-kettle-17l.webp,"2026-01-26 10:26:50","2026-01-26 10:26:51"
37,QEN-5962,foam-roller,"Foam Roller","أسطوانة فوم للتمارين","High-density foam roller for muscle recovery and massage. Textured surface for deep tissue relief, 45cm length.","أسطوانة فوم عالية الكثافة لاستعادة العضلات والتدليك. سطح محبب لتخفيف الأنسجة العميقة، طول 45 سم.","High-density foam roller for muscle recovery and massage. Textured surface for deep tissue relief, 45cm length.","أسطوانة فوم عالية الكثافة لاستعادة العضلات والتدليك. سطح محبب لتخفيف الأنسجة العميقة، طول 45 سم.",Sports,"Fitness Equipment",14.00,47.00,70.2%,45,,Active,No,,,,,,,,69,4.6,11,274,foam-roller.webp,"2026-01-26 10:26:50","2026-01-26 10:26:51"
57,C64-6815,foldable-camping-chair,"Foldable Camping Chair","كرسي تخييم قابل للطي","Lightweight aluminum frame camping chair with cup holder. Supports up to 120kg. Includes carry bag.","كرسي تخييم بإطار ألمنيوم خفيف الوزن مع حامل أكواب. يتحمل حتى 120 كجم. يتضمن حقيبة حمل.","Lightweight aluminum frame camping chair with cup holder. Supports up to 120kg. Includes carry bag.","كرسي تخييم بإطار ألمنيوم خفيف الوزن مع حامل أكواب. يتحمل حتى 120 كجم. يتضمن حقيبة حمل.",Sports,"Fitness Equipment",28.00,,,30,,Active,No,,,,,,,,90,4.3,3,431,foldable-camping-chair.webp,"2026-01-26 10:26:50","2026-01-26 10:26:52"
50,GQM-4246,french-press-coffee-maker,"French Press Coffee Maker","إبريق قهوة فرنسي","Premium stainless steel French press with 1L capacity. Heat-resistant borosilicate glass for perfect coffee every time.","إبريق قهوة فرنسي من الستانلس ستيل الفاخر بسعة 1 لتر. زجاج بوروسيليكات مقاوم للحرارة لقهوة مثالية في كل مرة.","Premium stainless steel French press with 1L capacity. Heat-resistant borosilicate glass for perfect coffee every time.","إبريق قهوة فرنسي من الستانلس ستيل الفاخر بسعة 1 لتر. زجاج بوروسيليكات مقاوم للحرارة لقهوة مثالية في كل مرة.","Home & Kitchen","Kitchen Appliances",25.00,,,35,,Active,No,,,,,,,,51,4.0,2,590,french-press-coffee-maker.webp,"2026-01-26 10:26:50","2026-01-26 10:26:52"
33,P7G-3419,glass-food-storage-containers,"Glass Food Storage Containers","حافظات طعام زجاجية","Set of 5 borosilicate glass containers with airtight lids. Microwave, oven, freezer, and dishwasher safe.","طقم من 5 حافظات زجاجية بوروسيليكات مع أغطية محكمة. آمنة للميكروويف والفرن والفريزر وغسالة الصحون.","Set of 5 borosilicate glass containers with airtight lids. Microwave, oven, freezer, and dishwasher safe.","طقم من 5 حافظات زجاجية بوروسيليكات مع أغطية محكمة. آمنة للميكروويف والفرن والفريزر وغسالة الصحون.","Home & Kitchen","Kitchen Appliances",24.00,,,30,,Active,No,,,,,,,,54,4.3,22,481,glass-food-storage-containers.webp,"2026-01-26 10:26:50","2026-01-26 10:26:51"
6,PHN-IQ3314,google-pixel-8-pro,"Google Pixel 8 Pro","جوجل بكسل 8 برو","Best-in-class AI photography with Tensor G3 chip and 7 years of updates.","أفضل تصوير بالذكاء الاصطناعي مع معالج تينسور G3 و7 سنوات من التحديثات.","Best-in-class AI photography with Tensor G3 chip and 7 years of updates.","أفضل تصوير بالذكاء الاصطناعي مع معالج تينسور G3 و7 سنوات من التحديثات.",Electronics,Smartphones,999.00,"1,430.00",30.1%,20,,Active,Yes,,,,,,,,145,4.6,98,2780,google-pixel-8-pro.webp,"2026-01-26 10:26:50","2026-01-26 10:26:50"
12,LAP-OB2283,hp-pavilion-15,"HP Pavilion 15","إتش بي بافيليون 15","Affordable everyday laptop with Intel Core i5 and 512GB SSD.","لابتوب يومي بسعر مناسب مع معالج إنتل كور i5 و512 جيجابايت SSD.","Affordable everyday laptop with Intel Core i5 and 512GB SSD.","لابتوب يومي بسعر مناسب مع معالج إنتل كور i5 و512 جيجابايت SSD.",Electronics,Laptops,549.00,915.00,40%,45,,Active,No,,,,,,,,234,3.5,156,4560,hp-pavilion-15.webp,"2026-01-26 10:26:50","2026-01-26 10:26:50"
4,PHN-MT4758,huawei-mate-60-pro,"HUAWEI Mate 60 Pro","هواوي ميت 60 برو","Satellite calling, Kirin 9000S chip, and variable aperture camera.","اتصال بالأقمار الصناعية ومعالج كيرين 9000S وكاميرا بفتحة عدسة متغيرة.","Satellite calling, Kirin 9000S chip, and variable aperture camera.","اتصال بالأقمار الصناعية ومعالج كيرين 9000S وكاميرا بفتحة عدسة متغيرة.",Electronics,Smartphones,999.00,,,12,,Active,No,,,,,,,,34,3.0,23,980,huawei-mate-60-pro.webp,"2026-01-26 10:26:50","2026-01-26 10:26:50"
56,NLN-4493,insulated-water-bottle-750ml,"Insulated Water Bottle 750ml","زجاجة مياه معزولة 750 مل","Double-wall vacuum insulated stainless steel bottle. Keeps drinks cold 24hrs or hot 12hrs. BPA-free.","زجاجة ستانلس ستيل معزولة بجدار مزدوج. تحافظ على المشروبات باردة 24 ساعة أو ساخنة 12 ساعة. خالية من BPA.","Double-wall vacuum insulated stainless steel bottle. Keeps drinks cold 24hrs or hot 12hrs. BPA-free.","زجاجة ستانلس ستيل معزولة بجدار مزدوج. تحافظ على المشروبات باردة 24 ساعة أو ساخنة 12 ساعة. خالية من BPA.",Sports,"Sports Gear",16.00,29.00,44.8%,55,,Active,No,,,,,,,,45,4.0,1,755,insulated-water-bottle-750ml.webp,"2026-01-26 10:26:50","2026-01-26 10:26:52"
1,PHN-YT8871,iphone-15-pro-max-256gb,"iPhone 15 Pro Max 256GB","آيفون 15 برو ماكس 256 جيجابايت","Apple's flagship with A17 Pro chip, titanium design, and 48MP camera system.","الرائد من أبل مع شريحة A17 Pro وتصميم تيتانيوم وكاميرا 48 ميجابكسل.","Apple's flagship with A17 Pro chip, titanium design, and 48MP camera system.","الرائد من أبل مع شريحة A17 Pro وتصميم تيتانيوم وكاميرا 48 ميجابكسل.",Electronics,Smartphones,"1,399.00",,,25,,Active,Yes,,,,,,,,156,4.8,89,2340,iphone-15-pro-max-256gb.webp,"2026-01-26 10:26:50","2026-01-26 10:26:50"
19,ACC-FZ1516,jbl-tune-760nc-headphones,"JBL Tune 760NC Headphones","سماعات JBL تيون 760NC","Wireless over-ear headphones with active noise cancelling and 50hr battery.","سماعات لاسلكية فوق الأذن مع إلغاء الضوضاء النشط وبطارية 50 ساعة.","Wireless over-ear headphones with active noise cancelling and 50hr battery.","سماعات لاسلكية فوق الأذن مع إلغاء الضوضاء النشط وبطارية 50 ساعة.",Electronics,Accessories,119.00,170.00,30%,55,,Active,No,,,,,,,,156,4.4,112,2340,jbl-tune-760nc-headphones.webp,"2026-01-26 10:26:50","2026-01-26 10:26:50"
35,SJG-8438,jump-rope,"Jump Rope","حبل قفز","Speed jump rope with ball bearings for smooth rotation. Adjustable length, comfortable foam handles.","حبل قفز سريع مع محامل كروية لدوران سلس. طول قابل للتعديل، مقابض فوم مريحة.","Speed jump rope with ball bearings for smooth rotation. Adjustable length, comfortable foam handles.","حبل قفز سريع مع محامل كروية لدوران سلس. طول قابل للتعديل، مقابض فوم مريحة.",Sports,"Sports Gear",8.00,13.00,38.5%,70,,Active,No,,,,,,,,32,4.4,13,409,jump-rope.webp,"2026-01-26 10:26:50","2026-01-26 10:26:52"
64,HAW-7769,kids-adventure-backpack,"Kids Adventure Backpack","حقيبة ظهر أطفال","Durable kids backpack with fun design. Padded straps, multiple pockets, water-resistant material.","حقيبة ظهر متينة للأطفال بتصميم ممتع. أحزمة مبطنة، جيوب متعددة، مادة مقاومة للماء.","Durable kids backpack with fun design. Padded straps, multiple pockets, water-resistant material.","حقيبة ظهر متينة للأطفال بتصميم ممتع. أحزمة مبطنة، جيوب متعددة، مادة مقاومة للماء.",Kids,"Kids' Clothing",18.00,,,45,,Active,No,,,,,,,,80,4.9,15,319,kids-adventure-backpack.webp,"2026-01-26 10:26:50","2026-01-26 10:26:51"
65,NOF-7646,kids-learning-tablet,"Kids Learning Tablet","تابلت تعليمي للأطفال","Interactive learning tablet with Arabic and English content. Educational games, songs, and activities. Ages 3+.","تابلت تعليمي تفاعلي بمحتوى عربي وإنجليزي. ألعاب تعليمية وأغاني وأنشطة. للأعمار 3+.","Interactive learning tablet with Arabic and English content. Educational games, songs, and activities. Ages 3+.","تابلت تعليمي تفاعلي بمحتوى عربي وإنجليزي. ألعاب تعليمية وأغاني وأنشطة. للأعمار 3+.",Kids,Toys,32.00,90.00,64.4%,30,,Active,No,,,,,,,,76,4.3,75,295,kids-learning-tablet.webp,"2026-01-26 10:26:50","2026-01-26 10:26:52"
43,BBA-6882,kids-puzzle-set-100pc,"Kids Puzzle Set 100pc","بازل أطفال 100 قطعة","Colorful 100-piece jigsaw puzzle with fun design. Large pieces for small hands, develops problem-solving skills.","بازل 100 قطعة ملونة بتصميم ممتع. قطع كبيرة للأيدي الصغيرة، تطور مهارات حل المشكلات.","Colorful 100-piece jigsaw puzzle with fun design. Large pieces for small hands, develops problem-solving skills.","بازل 100 قطعة ملونة بتصميم ممتع. قطع كبيرة للأيدي الصغيرة، تطور مهارات حل المشكلات.",Kids,Toys,12.00,,,40,,Active,No,,,,,,,,31,4.4,45,503,kids-puzzle-set-100pc.webp,"2026-01-26 10:26:50","2026-01-26 10:26:51"
21,SKN-ZU1015,la-roche-posay-effaclar-duo,"La Roche-Posay Effaclar Duo","لاروش بوزيه إيفاكلار ديو","Dual action acne treatment for oily and blemish-prone skin.","علاج مزدوج الفعالية لحب الشباب للبشرة الدهنية والمعرضة للشوائب.","Dual action acne treatment for oily and blemish-prone skin.","علاج مزدوج الفعالية لحب الشباب للبشرة الدهنية والمعرضة للشوائب.",Skincare,,28.00,80.00,65%,75,,Active,No,,,,,,,,198,4.5,134,2780,la-roche-posay-effaclar-duo.webp,"2026-01-26 10:26:50","2026-01-26 10:26:51"
28,RYI-4169,leather-belt,"Leather Belt","حزام جلدي","Classic genuine leather belt with brushed metal buckle. Available in multiple sizes, durable and stylish.","حزام جلد طبيعي كلاسيكي مع إبزيم معدني مصقول. متوفر بمقاسات متعددة، متين وأنيق.","Classic genuine leather belt with brushed metal buckle. Available in multiple sizes, durable and stylish.","حزام جلد طبيعي كلاسيكي مع إبزيم معدني مصقول. متوفر بمقاسات متعددة، متين وأنيق.",Fashion,"Men's Fashion",22.00,,,40,,Active,No,,,,,,,,59,5.0,1,153,leather-belt.webp,"2026-01-26 10:26:50","2026-01-26 10:26:52"
48,D30-2281,leather-crossbody-bag,"Leather Crossbody Bag","حقيبة جلدية كروس","Compact genuine leather crossbody bag with adjustable strap. Multiple compartments for organized storage.","حقيبة كروس من الجلد الطبيعي مع حزام قابل للتعديل. جيوب متعددة للتخزين المنظم.","Compact genuine leather crossbody bag with adjustable strap. Multiple compartments for organized storage.","حقيبة كروس من الجلد الطبيعي مع حزام قابل للتعديل. جيوب متعددة للتخزين المنظم.",Fashion,"Men's Fashion",42.00,,,25,,Active,No,,,,,,,,47,4.6,72,444,leather-crossbody-bag.webp,"2026-01-26 10:26:50","2026-01-26 10:26:51"
58,7FC-8018,leather-journal-notebook,"Leather Journal Notebook","دفتر جلدي فاخر","Handcrafted genuine leather journal with 200 lined pages. A5 size with ribbon bookmark and elastic closure.","دفتر جلدي مصنوع يدوياً مع 200 صفحة مسطرة. مقاس A5 مع شريط علامة وإغلاق مطاطي.","Handcrafted genuine leather journal with 200 lined pages. A5 size with ribbon bookmark and elastic closure.","دفتر جلدي مصنوع يدوياً مع 200 صفحة مسطرة. مقاس A5 مع شريط علامة وإغلاق مطاطي.",Stationery,"School Supplies",15.00,,,45,,Active,No,,,,,,,,38,4.4,27,324,leather-journal-notebook.webp,"2026-01-26 10:26:50","2026-01-26 10:26:51"
11,LAP-IP2706,lenovo-thinkpad-x1-carbon-gen-11,"Lenovo ThinkPad X1 Carbon Gen 11","لينوفو ثينك باد X1 كاربون الجيل 11","Business ultrabook with Intel vPro, 4G LTE, and legendary keyboard.","ألترابوك للأعمال مع إنتل vPro و4G LTE ولوحة مفاتيح أسطورية.","Business ultrabook with Intel vPro, 4G LTE, and legendary keyboard.","ألترابوك للأعمال مع إنتل vPro و4G LTE ولوحة مفاتيح أسطورية.",Electronics,Laptops,"1,699.00","2,430.00",30.1%,6,5,Active,No,,,,,,,,38,5.0,1,1120,lenovo-thinkpad-x1-carbon-gen-11.webp,"2026-01-26 10:26:50","2026-01-26 10:26:52"
18,ACC-ZK4341,logitech-mx-master-3s,"Logitech MX Master 3S","لوجيتك MX ماستر 3S","Quiet clicks, 8K DPI sensor, and MagSpeed electromagnetic scrolling.","نقرات هادئة ومستشعر 8K DPI وتمرير كهرومغناطيسي MagSpeed.","Quiet clicks, 8K DPI sensor, and MagSpeed electromagnetic scrolling.","نقرات هادئة ومستشعر 8K DPI وتمرير كهرومغناطيسي MagSpeed.",Electronics,Accessories,99.00,165.00,40%,40,,Active,Yes,,,,,,,,178,4.9,145,3120,logitech-mx-master-3s.webp,"2026-01-26 10:26:50","2026-01-26 10:26:50"
8,LAP-CE9476,macbook-pro-14-m3-pro,"MacBook Pro 14"" M3 Pro","ماك بوك برو 14 بوصة M3 برو","Apple silicon powerhouse with Liquid Retina XDR display and 18-hour battery.","قوة معالج أبل سيليكون مع شاشة ليكويد ريتينا XDR وبطارية 18 ساعة.","Apple silicon powerhouse with Liquid Retina XDR display and 18-hour battery.","قوة معالج أبل سيليكون مع شاشة ليكويد ريتينا XDR وبطارية 18 ساعة.",Electronics,Laptops,"1,999.00",,,8,5,Active,Yes,,,,,,,,89,4.9,67,2890,macbook-pro-14-m3-pro.webp,"2026-01-26 10:26:50","2026-01-26 10:26:50"
40,ZP6-4328,mechanical-pencil-set,"Mechanical Pencil Set","طقم أقلام رصاص ميكانيكية","Set of 4 mechanical pencils with different lead sizes (0.3, 0.5, 0.7, 0.9mm). Includes lead refills and erasers.","طقم من 4 أقلام رصاص ميكانيكية بأحجام سن مختلفة (0.3، 0.5، 0.7، 0.9 ملم). يشمل عبوات سن وممحاة.","Set of 4 mechanical pencils with different lead sizes (0.3, 0.5, 0.7, 0.9mm). Includes lead refills and erasers.","طقم من 4 أقلام رصاص ميكانيكية بأحجام سن مختلفة (0.3، 0.5، 0.7، 0.9 ملم). يشمل عبوات سن وممحاة.",Stationery,"Office Supplies",12.00,27.00,55.6%,50,,Active,No,,,,,,,,39,4.1,20,438,mechanical-pencil-set.webp,"2026-01-26 10:26:50","2026-01-26 10:26:51"
75,M38-B1263,metropolis-central-train-station-592pcs,"Metropolis-Central Train Station 592pcs","محطة القطار المركزية متروبوليس – طقم تركيب 592 قطعة","Enjoy a detailed building experience with the Metropolis Central Train Station set, featuring 592 pieces and 7 innovative mini-figures.","استمتع بتجربة بناء مفصلة مع طقم محطة القطار المركزية من سلسلة متروبوليس.","Enjoy a detailed building experience with the Metropolis Central Train Station set, featuring 592 pieces and 7 innovative mini-figures.","استمتع بتجربة بناء مفصلة مع طقم محطة القطار المركزية من سلسلة متروبوليس.","Building Blocks","City & Buildings",38.78,,,48,,Active,No,,,,,,,,87,5.0,1,140,metropolis-central-train-station-592pcs.webp,"2026-01-26 10:26:50","2026-01-26 10:26:52"
73,M38-B1267,metropolis-dc-crowne-hotel-428pcs,"Metropolis-D.C. Crowne Hotel 428pcs","فندق كراون متروبوليس – طقم تركيب 428 قطعة","Give kids an engaging building experience with the Metropolis D.C. Crowne Hotel set, featuring 428 pieces.","امنح الأطفال تجربة بناء ممتعة ومفصلة مع طقم تركيب فندق كراون من سلسلة متروبوليس.","Give kids an engaging building experience with the Metropolis D.C. Crowne Hotel set, featuring 428 pieces.","امنح الأطفال تجربة بناء ممتعة ومفصلة مع طقم تركيب فندق كراون من سلسلة متروبوليس.","Building Blocks","City & Buildings",21.54,,,48,,Active,No,,,,,,,,29,4.9,48,346,metropolis-dc-crowne-hotel-428pcs.webp,"2026-01-26 10:26:50","2026-01-26 10:26:51"
66,M38-B1268,metropolis-dc-department-store-718pcs,"Metropolis-D.C. Department Store 718pcs","متجر متروبوليس متعدد الأقسام – طقم تركيب 725 قطعة","The Metropolis Department Store Building Set is a beautifully detailed construction kit from the Metropolis series. Kids can build a complete shopping...","طقم تركيب متجر متروبوليس متعدد الأقسام هو مجموعة بناء رائعة من سلسلة Metropolis، تتيح للأطفال إنشاء متجر تسوق متكامل بتصميم أنيق وتفاصيل واقعية.","The Metropolis Department Store Building Set is a beautifully detailed construction kit from the Metropolis series. Kids can build a complete shopping store and even combine it with other sets like the Crowne Hotel to create a full city scene. Made from high-quality, durable ABS plastic, this set inspires creativity and imaginative play.","طقم تركيب متجر متروبوليس متعدد الأقسام هو مجموعة بناء رائعة من سلسلة Metropolis، تتيح للأطفال إنشاء متجر تسوق متكامل بتصميم أنيق وتفاصيل واقعية.","Building Blocks","City & Buildings",38.78,,,48,,Active,No,,,,,,,,99,4.3,4,157,metropolis-dc-department-store-718pcs.webp,"2026-01-26 10:26:50","2026-01-26 10:26:52"
67,M38-B1289,metropolis-delivery-truck-269pcs,"Metropolis-Delivery Truck 269pcs","شاحنة التوصيل متروبوليس – طقم تركيب 269 قطعة","The Metropolis Delivery Truck Building Set lets kids build a realistic delivery truck to add action and detail to their Metropolis city.","طقم تركيب شاحنة التوصيل من سلسلة متروبوليس يمنح الأطفال تجربة بناء ممتعة ومليئة بالتفاصيل.","The Metropolis Delivery Truck Building Set lets kids build a realistic delivery truck to add action and detail to their Metropolis city.","طقم تركيب شاحنة التوصيل من سلسلة متروبوليس يمنح الأطفال تجربة بناء ممتعة ومليئة بالتفاصيل.","Building Blocks",Vehicles,18.09,,,48,,Active,No,,,,,,,,83,3.5,39,366,metropolis-delivery-truck-269pcs.webp,"2026-01-26 10:26:50","2026-01-26 10:26:51"
69,M38-B1286,metropolis-ferris-wheel-504pcs,"Metropolis-Ferris Wheel 504pcs","عجلة فيريس متروبوليس – طقم تركيب 504 قطعة","Experience the funfair buzz with the Metropolis Ferris Wheel, a 504-piece set that brings life and creativity to any cityscape.","استمتع بأجواء الملاهي مع طقم تركيب عجلة فيريس من سلسلة متروبوليس، الذي يضم 504 قطعة.","Experience the funfair buzz with the Metropolis Ferris Wheel, a 504-piece set that brings life and creativity to any cityscape.","استمتع بأجواء الملاهي مع طقم تركيب عجلة فيريس من سلسلة متروبوليس، الذي يضم 504 قطعة.","Building Blocks","City & Buildings",21.54,,,48,,Active,No,,,,,,,,27,3.9,32,140,metropolis-ferris-wheel-504pcs.webp,"2026-01-26 10:26:50","2026-01-26 10:26:51"
77,M38-B1261,metropolis-new-energy-bus-239pcs,"Metropolis-New Energy Bus 239pcs","حافلة الطاقة الجديدة متروبوليس – طقم تركيب 239 قطعة","Enjoy educational building fun with the Metropolis New Energy Bus set, featuring 239 pieces.","استمتع بالبناء واللعب التعليمي مع طقم حافلة الطاقة الجديدة من سلسلة متروبوليس.","Enjoy educational building fun with the Metropolis New Energy Bus set, featuring 239 pieces.","استمتع بالبناء واللعب التعليمي مع طقم حافلة الطاقة الجديدة من سلسلة متروبوليس.","Building Blocks",Vehicles,13.78,,,48,,Active,No,,,,,,,,99,4.0,27,327,metropolis-new-energy-bus-239pcs.webp,"2026-01-26 10:26:50","2026-01-26 10:26:51"
76,M38-B1262,metropolis-new-energy-vehicle-4s-store-371pcs,"Metropolis-New Energy Vehicle 4S Store 371pcs","متجر الطاقة متروبوليس – طقم تركيب 371 قطعة","Give kids a fun building experience with the Metropolis Energy Vehicle 4S Store set, featuring 371 pieces.","امنح الأطفال تجربة بناء ممتعة مع طقم متجر الطاقة من سلسلة متروبوليس.","Give kids a fun building experience with the Metropolis Energy Vehicle 4S Store set, featuring 371 pieces.","امنح الأطفال تجربة بناء ممتعة مع طقم متجر الطاقة من سلسلة متروبوليس.","Building Blocks","City & Buildings",21.54,,,48,,Active,No,,,,,,,,10,5.0,41,108,metropolis-new-energy-vehicle-4s-store-371pcs.webp,"2026-01-26 10:26:50","2026-01-26 10:26:51"
68,M38-B1288,metropolis-rescue-vehiclepull-back-272pcs,"Metropolis-Rescue Vehicle(Pull back) 272pcs","مركبة الإنقاذ متروبوليس بسحب خلفي – طقم تركيب 272 قطعة","The Metropolis Rescue Vehicle Pull-Back Building Set offers kids a fun and interactive building experience with a pull-back motor feature.","طقم تركيب مركبة الإنقاذ من سلسلة متروبوليس يمنح الأطفال تجربة بناء ممتعة مع حركة إضافية بفضل خاصية السحب الخلفي.","The Metropolis Rescue Vehicle Pull-Back Building Set offers kids a fun and interactive building experience with a pull-back motor feature.","طقم تركيب مركبة الإنقاذ من سلسلة متروبوليس يمنح الأطفال تجربة بناء ممتعة مع حركة إضافية بفضل خاصية السحب الخلفي.","Building Blocks",Vehicles,18.09,,,48,,Active,No,,,,,,,,74,4.9,41,133,metropolis-rescue-vehiclepull-back-272pcs.webp,"2026-01-26 10:26:50","2026-01-26 10:26:51"
70,M38-B1285,metropolis-roller-coaster-448pcs,"Metropolis-Roller Coaster 448pcs","قطار الملاهي متروبوليس – طقم تركيب 448 قطعة","Step into the world of fun with the Metropolis Roller Coaster Building Set, a 448-piece amusement park kit.","استمتع بأجواء مدينة الملاهي مع طقم تركيب قطار الملاهي من سلسلة متروبوليس.","Step into the world of fun with the Metropolis Roller Coaster Building Set, a 448-piece amusement park kit.","استمتع بأجواء مدينة الملاهي مع طقم تركيب قطار الملاهي من سلسلة متروبوليس.","Building Blocks","City & Buildings",21.54,,,48,,Active,No,,,,,,,,12,3.9,29,243,metropolis-roller-coaster-448pcs.webp,"2026-01-26 10:26:50","2026-01-26 10:26:51"
74,M38-B1266,metropolis-slubucks-241pcs,"Metropolis-Slubucks 241pcs","مقهى سلوبوكس متروبوليس – طقم تركيب 241 قطعة","Bring fun and creativity to your Metropolis city with the Slubucks Café Building Set, featuring 241 pieces.","أضف لمسة من الحياة والمرح إلى مدينة متروبوليس مع طقم تركيب مقهى سلوبوكس.","Bring fun and creativity to your Metropolis city with the Slubucks Café Building Set, featuring 241 pieces.","أضف لمسة من الحياة والمرح إلى مدينة متروبوليس مع طقم تركيب مقهى سلوبوكس.","Building Blocks","City & Buildings",13.78,,,48,,Active,No,,,,,,,,25,3.9,44,125,metropolis-slubucks-241pcs.webp,"2026-01-26 10:26:50","2026-01-26 10:26:51"
71,M38-B1283,metropolis-star-gate-288pcs,"Metropolis-Star Gate 288pcs","بوابة النجوم متروبوليس – طقم تركيب 288 قطعة","Step into a world of fantasy with the Metropolis Star Gate Building Set, a 288-piece magical set.","اكتشف عالم الخيال مع طقم تركيب بوابة النجوم من سلسلة متروبوليس.","Step into a world of fantasy with the Metropolis Star Gate Building Set, a 288-piece magical set.","اكتشف عالم الخيال مع طقم تركيب بوابة النجوم من سلسلة متروبوليس.","Building Blocks","City & Buildings",16.37,,,48,,Active,No,,,,,,,,39,3.8,48,377,metropolis-star-gate-288pcs.webp,"2026-01-26 10:26:50","2026-01-26 10:26:51"
13,LAP-VY3297,microsoft-surface-laptop-5,"Microsoft Surface Laptop 5","مايكروسوفت سيرفس لابتوب 5","Sleek design with PixelSense touchscreen and all-day battery life.","تصميم أنيق مع شاشة لمس بكسل سينس وبطارية تدوم طوال اليوم.","Sleek design with PixelSense touchscreen and all-day battery life.","تصميم أنيق مع شاشة لمس بكسل سينس وبطارية تدوم طوال اليوم.",Electronics,Laptops,"1,299.00","3,250.00",60%,12,,Active,No,,,,,,,,52,4.4,38,1670,microsoft-surface-laptop-5.webp,"2026-01-26 10:26:50","2026-01-26 10:26:51"
26,AZP-4829,minimalist-silver-bracelet,"Minimalist Silver Bracelet","سوار فضي بسيط","Elegant sterling silver bracelet with minimalist design. Adjustable chain length, hypoallergenic, perfect for everyday wear.","سوار فضة استرليني أنيق بتصميم بسيط. طول سلسلة قابل للتعديل، مضاد للحساسية، مثالي للاستخدام اليومي.","Elegant sterling silver bracelet with minimalist design. Adjustable chain length, hypoallergenic, perfect for everyday wear.","سوار فضة استرليني أنيق بتصميم بسيط. طول سلسلة قابل للتعديل، مضاد للحساسية، مثالي للاستخدام اليومي.",Fashion,"Women's Fashion",18.00,,,50,,Active,No,,,,,,,,39,4.1,13,293,minimalist-silver-bracelet.webp,"2026-01-26 10:26:50","2026-01-26 10:26:52"
122,M38-B1192,modelbricks-135-ts-2-camping-265pcs,"ModelBricks- 1/35 TS-2 camping 265pcs","موديل بريكس – مركبة التخييم TS-2 بمقياس 1/35 – 265 قطعة","A compact and detailed building model inspired by outdoor adventure and travel.","هو نموذج تركيب مستوحى من أجواء التخييم والمغامرات الخارجية.","A compact and detailed building model inspired by outdoor adventure and travel.","هو نموذج تركيب مستوحى من أجواء التخييم والمغامرات الخارجية.","Building Blocks",Vehicles,12.92,,,48,,Active,No,,,,,,,,91,5.0,1,499,modelbricks-135-ts-2-camping-265pcs.webp,"2026-01-26 10:26:51","2026-01-26 10:26:52"
93,M38-B1119,modelbricks-fishing-boat-610pcs,"ModelBricks- Fishing-boat 610pcs","قارب صيد – طقم تركيب 610 قطعة","Enjoy an innovative building experience with the Sluban Fishing Boat set.","استمتع بتجربة بناء مبتكرة مع طقم قارب الصيد من Sluban.","Enjoy an innovative building experience with the Sluban Fishing Boat set.","استمتع بتجربة بناء مبتكرة مع طقم قارب الصيد من Sluban.","Building Blocks","Ships & Boats",24.99,,,36,,Active,No,,,,,,,,58,3.5,16,308,modelbricks-fishing-boat-610pcs.webp,"2026-01-26 10:26:51","2026-01-26 10:26:51"
123,M38-B1132,modelbricks-r1250-ms-motorcycle-112-200pcs,"ModelBricks- R1250 MS Motorcycle 1/12 (200PCS)","موديل بريكس – دراجة نارية R1250 MS بمقياس 1/12 – 200 قطعة","A detailed construction model inspired by modern touring motorcycles.","هو نموذج تركيب دقيق مستوحى من الدراجات النارية الحديثة.","A detailed construction model inspired by modern touring motorcycles.","هو نموذج تركيب دقيق مستوحى من الدراجات النارية الحديثة.","Building Blocks",Vehicles,11.20,,,108,,Active,No,,,,,,,,66,3.9,14,436,modelbricks-r1250-ms-motorcycle-112-200pcs.webp,"2026-01-26 10:26:51","2026-01-26 10:26:51"
107,M38-B0955,modelbricks-racing-car-262pcs,"ModelBricks- Racing Car 262PCS","موديل بريكس – سيارة سباق – 262 قطعة","A dynamic building model inspired by high-performance racing cars.","هو نموذج تركيب مستوحى من سيارات السباق عالية الأداء.","A dynamic building model inspired by high-performance racing cars.","هو نموذج تركيب مستوحى من سيارات السباق عالية الأداء.","Building Blocks",Vehicles,12.06,,,72,,Active,No,,,,,,,,41,4.8,44,277,modelbricks-racing-car-262pcs.webp,"2026-01-26 10:26:51","2026-01-26 10:26:51"
106,M38-B0956,modelbricks-racing-car-283pcs,"ModelBricks- Racing Car 283PCS","موديل بريكس – سيارة سباق – 283 قطعة","An engaging construction model designed for fans of high-speed racing.","هو نموذج تركيب ممتع لعشاق سيارات السباق عالية السرعة.","An engaging construction model designed for fans of high-speed racing.","هو نموذج تركيب ممتع لعشاق سيارات السباق عالية السرعة.","Building Blocks",Vehicles,12.06,,,72,,Active,No,,,,,,,,66,4.7,23,326,modelbricks-racing-car-283pcs.webp,"2026-01-26 10:26:51","2026-01-26 10:26:51"
94,M38-B1118,modelbricks-the-great-shark-592pcs,"ModelBricks- The Great Shark 592pcs","سفينة القرش العظيمة – طقم تركيب 592 قطعة","Enjoy building the Sluban Great Shark Ship, featuring 592 pieces from the City series.","استمتع ببناء سفينة القرش العظيمة من Sluban.","Enjoy building the Sluban Great Shark Ship, featuring 592 pieces from the City series.","استمتع ببناء سفينة القرش العظيمة من Sluban.","Building Blocks","Ships & Boats",24.99,,,36,,Active,No,,,,,,,,82,4.8,49,361,modelbricks-the-great-shark-592pcs.webp,"2026-01-26 10:26:51","2026-01-26 10:26:51"
100,M38-B1122,modelbricks-titanic-13502370pcs,"ModelBricks- TITANIC 1/350(2370PCS)","طقم بناء سفينة كبيرة – 2401 قطعة مع شخصيتين صغيرتين","Experience the grandeur of classic ships with the 2401-piece Big Shape Ship building set.","استمتع بتجربة بناء السفن الكلاسيكية مع طقم البناء الكبير المكوّن من 2401 قطعة.","Experience the grandeur of classic ships with the 2401-piece Big Shape Ship building set.","استمتع بتجربة بناء السفن الكلاسيكية مع طقم البناء الكبير المكوّن من 2401 قطعة.","Building Blocks","Ships & Boats",107.75,,,9,,Active,No,,,,,,,,54,4.5,40,369,modelbricks-titanic-13502370pcs.webp,"2026-01-26 10:26:51","2026-01-26 10:26:51"
91,M38-B1292,modelbricks-135-fokker-dr-1s-281pcs,"ModelBricks-1/35 FOKKER DR-1S 281pcs","طائرة فوكر DR-1S الحرب العالمية الأولى – طقم تركيب 281 قطعة","Experience precise and historical building with the MB WW1 Fokker DR-1S model kit.","استمتع بتجربة بناء دقيقة وتاريخية مع طقم طائرة فوكر DR-1S.","Experience precise and historical building with the MB WW1 Fokker DR-1S model kit.","استمتع بتجربة بناء دقيقة وتاريخية مع طقم طائرة فوكر DR-1S.","Building Blocks","City & Buildings",13.78,,,72,,Active,No,,,,,,,,25,4.5,24,260,modelbricks-135-fokker-dr-1s-281pcs.webp,"2026-01-26 10:26:51","2026-01-26 10:26:51"
87,M38-B1291,modelbricks-1350-uss-missouri-s-1739pcs,"ModelBricks-1/350 USS MISSOURI S 1739pcs","موديل بريكس – نموذج تركيب لسفينة يو إس إس ميزوري – 1739 قطعة","The ModelBricks USS Missouri is a detailed building model of the legendary USS Missouri battleship.","قطعة ModelBricks USS Missouri هي نموذج تركيب تفصيلي لسفينة البارجة الأمريكية الشهيرة.","The ModelBricks USS Missouri is a detailed building model of the legendary USS Missouri battleship.","قطعة ModelBricks USS Missouri هي نموذج تركيب تفصيلي لسفينة البارجة الأمريكية الشهيرة.","Building Blocks","Ships & Boats",64.65,,,12,,Active,No,,,,,,,,51,4.3,42,130,modelbricks-1350-uss-missouri-s-1739pcs.webp,"2026-01-26 10:26:51","2026-01-26 10:26:51"
72,M38-B1273,modelbricks-144-j16-aircraft-carrier-ru-su-30-1041pcs,"ModelBricks-1/44 J16 AIRCRAFT CARRIER (RU SU-30) 1041pcs","حاملة طائرات نموذجية J16 SU-30 – طقم تركيب 1041 قطعة","Discover the ModelBricks J16 SU-30 Aircraft Carrier building set, featuring 1041 pieces for a highly detailed military jet model.","اكتشف نموذج حاملة الطائرات J16 SU-30 من ModelBricks، طقم تركيب مكون من 1041 قطعة.","Discover the ModelBricks J16 SU-30 Aircraft Carrier building set, featuring 1041 pieces for a highly detailed military jet model.","اكتشف نموذج حاملة الطائرات J16 SU-30 من ModelBricks، طقم تركيب مكون من 1041 قطعة.","Building Blocks","Ships & Boats",51.72,,,24,,Active,No,,,,,,,,97,3.6,36,379,modelbricks-144-j16-aircraft-carrier-ru-su-30-1041pcs.webp,"2026-01-26 10:26:50","2026-01-26 10:26:51"
7,PHN-GO7601,oneplus-12,"OnePlus 12","ون بلس 12","Flagship killer with Snapdragon 8 Gen 3 and 100W SUPERVOOC charging.","قاتل الهواتف الرائدة مع سناب دراجون 8 الجيل الثالث وشحن سوبر فوك 100 واط.","Flagship killer with Snapdragon 8 Gen 3 and 100W SUPERVOOC charging.","قاتل الهواتف الرائدة مع سناب دراجون 8 الجيل الثالث وشحن سوبر فوك 100 واط.",Electronics,Smartphones,799.00,,,28,,Active,No,,,,,,,,78,4.5,45,1340,oneplus-12.webp,"2026-01-26 10:26:50","2026-01-26 10:26:50"
5,PHN-ZF4337,oppo-reno-11-pro,"OPPO Reno 11 Pro","أوبو رينو 11 برو","Portrait expert with Hasselblad color science and 80W fast charging.","خبير البورتريه مع تقنية ألوان هاسيلبلاد وشحن سريع 80 واط.","Portrait expert with Hasselblad color science and 80W fast charging.","خبير البورتريه مع تقنية ألوان هاسيلبلاد وشحن سريع 80 واط.",Electronics,Smartphones,549.00,915.00,40%,42,,Active,No,,,,,,,,112,3.7,3,1560,oppo-reno-11-pro.webp,"2026-01-26 10:26:50","2026-01-26 10:26:52"
63,Q13-5805,organic-cotton-baby-blanket,"Organic Cotton Baby Blanket","بطانية أطفال قطن عضوي","100% GOTS certified organic cotton blanket. Hypoallergenic, soft, and breathable. Machine washable.","بطانية قطن عضوي 100% معتمدة من GOTS. مضادة للحساسية، ناعمة وقابلة للتنفس. قابلة للغسيل في الغسالة.","100% GOTS certified organic cotton blanket. Hypoallergenic, soft, and breathable. Machine washable.","بطانية قطن عضوي 100% معتمدة من GOTS. مضادة للحساسية، ناعمة وقابلة للتنفس. قابلة للغسيل في الغسالة.",Kids,"Kids' Clothing",22.00,,,35,,Active,No,,,,,,,,75,4.7,75,790,organic-cotton-baby-blanket.webp,"2026-01-26 10:26:50","2026-01-26 10:26:51"
92,M38-B1101-11,pleyerid-blue-rose-238pcs,"PLEYERID-Blue Rose 238PCS","زهرة زرقاء – طقم تركيب 238 قطعة","Give kids a fun and creative building experience with the Sluban Blue Rose set.","امنح الأطفال تجربة بناء ممتعة مع طقم زهرة زرقاء من Sluban.","Give kids a fun and creative building experience with the Sluban Blue Rose set.","امنح الأطفال تجربة بناء ممتعة مع طقم زهرة زرقاء من Sluban.","Building Blocks","Flowers & Plants",10.34,,,96,,Active,No,,,,,,,,12,4.4,37,114,pleyerid-blue-rose-238pcs.webp,"2026-01-26 10:26:51","2026-01-26 10:26:51"
97,M38-B1101-16,pleyerid-daisy-255pcs,"PLEYERID-Daisy 255PCS","طقم بناء قفل متعدد الألوان – 221 قطعة","Enjoy building the Sluban Multicolor Clamp set, featuring 221 pieces.","استمتع ببناء مجموعة القفل متعدد الألوان من Sluban.","Enjoy building the Sluban Multicolor Clamp set, featuring 221 pieces.","استمتع ببناء مجموعة القفل متعدد الألوان من Sluban.","Building Blocks","Flowers & Plants",10.34,,,96,,Active,No,,,,,,,,47,3.6,14,280,pleyerid-daisy-255pcs.webp,"2026-01-26 10:26:51","2026-01-26 10:26:51"
99,M38-B1101-13,pleyerid-freesia-241pcs,"PLEYERID-Freesia 241PCS","طقم بناء زهور فريزيا – 241 قطعة","Add a touch of creativity to your child's room with the Sluban Pleyerid Freesia Flower set.","أضف لمسة من الإبداع إلى غرفة طفلك مع طقم بناء زهور فريزيا.","Add a touch of creativity to your child's room with the Sluban Pleyerid Freesia Flower set.","أضف لمسة من الإبداع إلى غرفة طفلك مع طقم بناء زهور فريزيا.","Building Blocks","Flowers & Plants",10.34,,,96,,Active,No,,,,,,,,91,5.0,32,492,pleyerid-freesia-241pcs.webp,"2026-01-26 10:26:51","2026-01-26 10:26:51"
85,M38-P8027,pleyerid-hand-cranked-merry-go-round-3-types,"PLEYERID-Hand-cranked merry-go-round 3 types","PLEYERID - لعبة الدوّامة اليدوية (3 تصاميم مختلفة)","Enjoy a delightful building experience with the PLEYERID Hand-Cranked Merry-Go-Round.","استمتع بتجربة بناء ممتعة مع لعبة الدوّامة اليدوية من PLEYERID.","Enjoy a delightful building experience with the PLEYERID Hand-Cranked Merry-Go-Round.","استمتع بتجربة بناء ممتعة مع لعبة الدوّامة اليدوية من PLEYERID.","Building Blocks","Flowers & Plants",7.75,,,27,,Active,No,,,,,,,,47,3.9,25,167,pleyerid-hand-cranked-merry-go-round-3-types.webp,"2026-01-26 10:26:51","2026-01-26 10:26:51"
98,M38-B1101-14,pleyerid-lavender-258pcs,"PLEYERID-Lavender 258PCS","ترتيب زهور الخزامى الصناعية مع إناء – ارتفاع 42.6 سم","Bring a touch of Provence to your home with the Sluban Artificial Lavender Arrangement.","أضف لمسة من جمال بروفانس إلى منزلك مع ترتيب زهور الخزامى الصناعية.","Bring a touch of Provence to your home with the Sluban Artificial Lavender Arrangement.","أضف لمسة من جمال بروفانس إلى منزلك مع ترتيب زهور الخزامى الصناعية.","Building Blocks","Flowers & Plants",10.34,,,96,,Active,No,,,,,,,,90,5.0,1,224,pleyerid-lavender-258pcs.webp,"2026-01-26 10:26:51","2026-01-26 10:26:52"
101,M38-B1101-09,pleyerid-lilies-of-the-valley-253pcs,"PLEYERID-lilies of the valley 253PCS","طقم بناء أزهار زنبق الوادي مع فازة بيضاء – 42 سم","Bring a creative touch of nature into your home with the Lily of the Valley Building Block set.","أضف لمسة طبيعية وعملية إلى منزلك مع طقم بناء أزهار زنبق الوادي المبتكر.","Bring a creative touch of nature into your home with the Lily of the Valley Building Block set.","أضف لمسة طبيعية وعملية إلى منزلك مع طقم بناء أزهار زنبق الوادي المبتكر.","Building Blocks","Flowers & Plants",10.34,,,96,,Active,No,,,,,,,,74,4.5,48,150,pleyerid-lilies-of-the-valley-253pcs.webp,"2026-01-26 10:26:51","2026-01-26 10:26:51"
103,M38-B1101-06,pleyerid-lotus-258pcs,"PLEYERID-Lotus 258PCS","طقم بناء أزهار لوتس – 258 قطعة","Enjoy fun and educational building with the Lotus set from Sluban Pleyerid Flowers.","امنح الأطفال تجربة بناء ممتعة وتعليمية مع طقم أزهار اللوتس.","Enjoy fun and educational building with the Lotus set from Sluban Pleyerid Flowers.","امنح الأطفال تجربة بناء ممتعة وتعليمية مع طقم أزهار اللوتس.","Building Blocks","Flowers & Plants",10.34,,,96,,Active,No,,,,,,,,61,4.2,25,496,pleyerid-lotus-258pcs.webp,"2026-01-26 10:26:51","2026-01-26 10:26:51"
95,M38-B1112A,pleyerid-mechanical-bulldog,"PLEYERID-Mechanical Bulldog","روبوت بولدوج – طقم تركيب 890 قطعة","Enjoy an interactive building experience with the Sluban Bulldog Robot, featuring 890 pieces.","استمتع بتجربة بناء تفاعلية مع روبوت بولدوج من Sluban.","Enjoy an interactive building experience with the Sluban Bulldog Robot, featuring 890 pieces.","استمتع بتجربة بناء تفاعلية مع روبوت بولدوج من Sluban.","Building Blocks","Animals & Creatures",33.61,,,18,,Active,No,,,,,,,,81,4.0,2,245,pleyerid-mechanical-bulldog.webp,"2026-01-26 10:26:51","2026-01-26 10:26:52"
80,M38-P8015,pleyerid-music-box-love-confession,"PLEYERID-Music Box-LOVE CONFESSION","بلاير آيد – صندوق الموسيقى – اعتراف الحب","Enjoy building and creating your own world with the Sluban M38-P8015! High-quality pieces that develop assembly skills.","استمتع ببناء وتشكيل عالمك الخاص مع Sluban M38-P8015!","Enjoy building and creating your own world with the Sluban M38-P8015! High-quality pieces that develop assembly skills.","استمتع ببناء وتشكيل عالمك الخاص مع Sluban M38-P8015!","Building Blocks","Flowers & Plants",31.03,,,36,,Active,No,,,,,,,,10,3.6,20,449,pleyerid-music-box-love-confession.webp,"2026-01-26 10:26:51","2026-01-26 10:26:51"
88,M38-P8013,pleyerid-music-box-sonata-of-love,"PLEYERID-Music Box-SONATA OF LOVE","بلايريد – صندوق موسيقي – سوناتا الحب","A harmonious expression of emotion and elegance inspired by the timeless beauty of music.","هو تجسيد متناغم للمشاعر والرقي. مستوحى من جمال الموسيقى الخالد.","A harmonious expression of emotion and elegance inspired by the timeless beauty of music.","هو تجسيد متناغم للمشاعر والرقي. مستوحى من جمال الموسيقى الخالد.","Building Blocks","Flowers & Plants",31.03,,,36,,Active,No,,,,,,,,62,5.0,1,412,pleyerid-music-box-sonata-of-love.webp,"2026-01-26 10:26:51","2026-01-26 10:26:52"
81,M38-P8161,pleyerid-peacockwith-lighting,"PLEYERID-Peacock(with Lighting)","PLEYERID – طائر الطاووس (مع إضاءة)","Add a touch of charm and beauty to your room with the PLEYERID Peacock with Lighting!","أضف لمسة من السحر والجمال إلى غرفتك مع PLEYERID – طائر الطاووس المزود بإضاءة!","Add a touch of charm and beauty to your room with the PLEYERID Peacock with Lighting!","أضف لمسة من السحر والجمال إلى غرفتك مع PLEYERID – طائر الطاووس المزود بإضاءة!","Building Blocks","Animals & Creatures",33.61,,,36,,Active,No,,,,,,,,78,3.5,2,307,pleyerid-peacockwith-lighting.webp,"2026-01-26 10:26:51","2026-01-26 10:26:52"
96,M38-B1101-17,pleyerid-peony-198pcs,"PLEYERID-Peony 198PCS","زهرة الفاوانيا – طقم تركيب 198 قطعة","Discover the beauty of building the Sluban Peony, featuring 198 pieces.","اكتشف جمال بناء زهرة الفاوانيا من Sluban.","Discover the beauty of building the Sluban Peony, featuring 198 pieces.","اكتشف جمال بناء زهرة الفاوانيا من Sluban.","Building Blocks","Flowers & Plants",10.34,,,96,,Active,No,,,,,,,,59,4.0,31,207,pleyerid-peony-198pcs.webp,"2026-01-26 10:26:51","2026-01-26 10:26:51"
105,M38-B1101-03,pleyerid-protea-cynaroides-219pcs,"PLEYERID-Protea Cynaroides 219PCS","بلايريد – زهرة بروتيا سيناروييد – 219 قطعة","A detailed building model inspired by the stunning Protea Cynaroides.","هو نموذج تركيب مستوحى من زهرة البروتيا سيناروييد الرائعة.","A detailed building model inspired by the stunning Protea Cynaroides.","هو نموذج تركيب مستوحى من زهرة البروتيا سيناروييد الرائعة.","Building Blocks","Flowers & Plants",10.34,30.00,65.5%,96,,Active,No,,,,,,,,47,3.6,26,281,pleyerid-protea-cynaroides-219pcs.webp,"2026-01-26 10:26:51","2026-01-26 10:26:52"
104,M38-B1101-04,pleyerid-red-rose-258pcs,"PLEYERID-Red Rose 258PCS","طقم بناء أزهار الوردة الحمراء – 254 قطعة","Enjoy fun and educational building with the Red Rose set from Sluban Pleyerid Flowers.","امنح الأطفال تجربة بناء ممتعة وتعليمية مع طقم الوردة الحمراء.","Enjoy fun and educational building with the Red Rose set from Sluban Pleyerid Flowers.","امنح الأطفال تجربة بناء ممتعة وتعليمية مع طقم الوردة الحمراء.","Building Blocks","Flowers & Plants",10.34,,,96,,Active,No,,,,,,,,28,4.6,36,451,pleyerid-red-rose-258pcs.webp,"2026-01-26 10:26:51","2026-01-26 10:26:51"
84,M38-P8061,pleyerid-red-rosesplated-vases-313pcs,"PLEYERID-Red roses(Plated vases) 313pcs","PLEYERID - الورود الحمراء (مزهرية مطلية) 313 قطعة","Enjoy building this stunning PLEYERID set with elegant plated vase.","PLEYERID - الورود الحمراء (مزهرية مطلية) 313 قطعة","Enjoy building this stunning PLEYERID set with elegant plated vase.","PLEYERID - الورود الحمراء (مزهرية مطلية) 313 قطعة","Building Blocks","Flowers & Plants",14.65,,,72,,Active,No,,,,,,,,28,4.4,37,123,pleyerid-red-rosesplated-vases-313pcs.webp,"2026-01-26 10:26:51","2026-01-26 10:26:52"
83,M38-P8070,pleyerid-roses-313pcs,"PLEYERID-roses 313pcs","PLEYERID - ورود (313 قطعة)","Enjoy building this exquisite PLEYERID set consisting of 313 pieces.","استمتع ببناء هذا المجسم الجميل من PLEYERID المكوَّن من 313 قطعة.","Enjoy building this exquisite PLEYERID set consisting of 313 pieces.","استمتع ببناء هذا المجسم الجميل من PLEYERID المكوَّن من 313 قطعة.","Building Blocks","Flowers & Plants",14.65,,,72,,Active,No,,,,,,,,75,3.7,8,316,pleyerid-roses-313pcs.webp,"2026-01-26 10:26:51","2026-01-26 10:26:51"
82,M38-P8160,pleyerid-swanswith-lighting-932pcs,"PLEYERID-Swans(with Lighting) 932pcs","PLEYERID - البجع مع إضاءة (932 قطعة)","Enjoy building this stunning PLEYERID set consisting of 932 pieces with a lighting system.","استمتع ببناء هذا المجسم الرائع من PLEYERID المكوَّن من 932 قطعة.","Enjoy building this stunning PLEYERID set consisting of 932 pieces with a lighting system.","استمتع ببناء هذا المجسم الرائع من PLEYERID المكوَّن من 932 قطعة.","Building Blocks","Animals & Creatures",33.61,,,36,,Active,No,,,,,,,,71,4.3,32,419,pleyerid-swanswith-lighting-932pcs.webp,"2026-01-26 10:26:51","2026-01-26 10:26:51"
102,M38-B1101-08,pleyerid-tibouchina-urvilleana-251pcs,"PLEYERID-Tibouchina urvilleana 251PCS","طقم بناء أزهار تيبوشينا أورفيليانا – 251 قطعة","Unleash creativity with the Tibouchina Urvilleana building set from the Sluban Pleyerid Flowers range.","أطلق العنان لإبداع الأطفال مع طقم أزهار تيبوشينا أورفيليانا.","Unleash creativity with the Tibouchina Urvilleana building set from the Sluban Pleyerid Flowers range.","أطلق العنان لإبداع الأطفال مع طقم أزهار تيبوشينا أورفيليانا.","Building Blocks","Flowers & Plants",10.34,,,96,,Active,No,,,,,,,,79,4.0,12,210,pleyerid-tibouchina-urvilleana-251pcs.webp,"2026-01-26 10:26:51","2026-01-26 10:26:51"
86,M38-P8018,pleyerid-x-miu-cat-01,"PLEYERID-X-MIU-CAT 01","بلايريد × ميو كات 01","PLEYERID X MIU CAT 01 is a special edition piece that combines modern design with a bold, distinctive character.","قطعة PLEYERID × MIU CAT 01 تمثّل إصدارًا خاصًا يجمع بين التصميم العصري والطابع الجريء.","PLEYERID X MIU CAT 01 is a special edition piece that combines modern design with a bold, distinctive character.","قطعة PLEYERID × MIU CAT 01 تمثّل إصدارًا خاصًا يجمع بين التصميم العصري والطابع الجريء.","Building Blocks","Animals & Creatures",34.47,85.00,59.4%,18,,Active,No,,,,,,,,54,4.7,3,481,pleyerid-x-miu-cat-01.webp,"2026-01-26 10:26:51","2026-01-26 10:26:52"
42,XNI-6882,plush-teddy-bear,"Plush Teddy Bear","دبدوب قطيفة","Soft and cuddly plush teddy bear, 30cm tall. Made with child-safe materials, machine washable.","دبدوب قطيفة ناعم ومحبوب، ارتفاع 30 سم. مصنوع من مواد آمنة للأطفال، قابل للغسيل في الغسالة.","Soft and cuddly plush teddy bear, 30cm tall. Made with child-safe materials, machine washable.","دبدوب قطيفة ناعم ومحبوب، ارتفاع 30 سم. مصنوع من مواد آمنة للأطفال، قابل للغسيل في الغسالة.",Kids,Toys,16.00,23.00,30.4%,45,,Active,No,,,,,,,,59,4.5,2,566,plush-teddy-bear.webp,"2026-01-26 10:26:50","2026-01-26 10:26:52"
47,TRP-8030,polarized-sunglasses,"Polarized Sunglasses","نظارات شمسية مستقطبة","UV400 protection polarized sunglasses with lightweight frame. Reduces glare and protects your eyes in style.","نظارات شمسية مستقطبة بحماية UV400 مع إطار خفيف الوزن. تقلل الوهج وتحمي عينيك بأناقة.","UV400 protection polarized sunglasses with lightweight frame. Reduces glare and protects your eyes in style.","نظارات شمسية مستقطبة بحماية UV400 مع إطار خفيف الوزن. تقلل الوهج وتحمي عينيك بأناقة.",Fashion,"Men's Fashion",30.00,,,45,,Active,No,,,,,,,,63,4.7,72,724,polarized-sunglasses.webp,"2026-01-26 10:26:50","2026-01-26 10:26:51"
89,M38-B1335,power-bricks-formula-carpull-back-210pcs,"POWER BRICKS-Formula car(Pull back) 210pcs","باور بريكس – سيارة فورمولا (نظام السحب للخلف) – 210 قطعة","An exciting building set designed for speed lovers with a pull-back motor.","هي مجموعة تركيب ممتعة تجمع بين الإبداع وروح السباق.","An exciting building set designed for speed lovers with a pull-back motor.","هي مجموعة تركيب ممتعة تجمع بين الإبداع وروح السباق.","Building Blocks",Vehicles,12.06,,,72,,Active,No,,,,,,,,34,3.8,24,339,power-bricks-formula-carpull-back-210pcs.webp,"2026-01-26 10:26:51","2026-01-26 10:26:51"
90,M38-B1332,power-bricks-vintage-carpull-back-238pcs,"POWER BRICKS-Vintage car(Pull back) 238pcs","باور بريكس – سيارة كلاسيكية (نظام السحب للخلف) – 238 قطعة","Brings classic automotive charm to life through an engaging building experience.","تجسّد روح السيارات الكلاسيكية من خلال تجربة تركيب ممتعة.","Brings classic automotive charm to life through an engaging building experience.","تجسّد روح السيارات الكلاسيكية من خلال تجربة تركيب ممتعة.","Building Blocks",Vehicles,12.06,,,72,,Active,No,,,,,,,,76,3.8,4,441,power-bricks-vintage-carpull-back-238pcs.webp,"2026-01-26 10:26:51","2026-01-26 10:26:52"
59,NJ1-7099,premium-metal-pen-set,"Premium Metal Pen Set","طقم أقلام معدنية فاخرة","Elegant metal ballpoint pen set in gift box. Smooth writing experience with replaceable refills.","طقم أقلام حبر جاف معدنية أنيقة في علبة هدايا. كتابة سلسة مع عبوات قابلة للاستبدال.","Elegant metal ballpoint pen set in gift box. Smooth writing experience with replaceable refills.","طقم أقلام حبر جاف معدنية أنيقة في علبة هدايا. كتابة سلسة مع عبوات قابلة للاستبدال.",Stationery,"Office Supplies",20.00,40.00,50%,40,,Active,No,,,,,,,,22,4.7,63,702,premium-metal-pen-set.webp,"2026-01-26 10:26:50","2026-01-26 10:26:51"
54,MTU-5608,premium-yoga-mat-6mm,"Premium Yoga Mat 6mm","سجادة يوغا فاخرة 6 ملم","Eco-friendly TPE yoga mat with non-slip surface. 6mm thickness for joint protection. Includes carrying strap.","سجادة يوغا صديقة للبيئة من TPE بسطح مانع للانزلاق. سمك 6 ملم لحماية المفاصل. تتضمن حزام حمل.","Eco-friendly TPE yoga mat with non-slip surface. 6mm thickness for joint protection. Includes carrying strap.","سجادة يوغا صديقة للبيئة من TPE بسطح مانع للانزلاق. سمك 6 ملم لحماية المفاصل. تتضمن حزام حمل.",Sports,"Fitness Equipment",18.00,,,50,,Active,No,,,,,,,,55,5.0,30,545,premium-yoga-mat-6mm.webp,"2026-01-26 10:26:50","2026-01-26 10:26:51"
55,FEG-6837,resistance-bands-set,"Resistance Bands Set","طقم أحزمة مقاومة","Set of 5 resistance bands with different strength levels. Includes door anchor, handles, and carrying bag.","طقم من 5 أحزمة مقاومة بمستويات قوة مختلفة. يشمل مثبت باب ومقابض وحقيبة حمل.","Set of 5 resistance bands with different strength levels. Includes door anchor, handles, and carrying bag.","طقم من 5 أحزمة مقاومة بمستويات قوة مختلفة. يشمل مثبت باب ومقابض وحقيبة حمل.",Sports,"Fitness Equipment",15.00,,,60,,Active,No,,,,,,,,67,4.5,34,300,resistance-bands-set.webp,"2026-01-26 10:26:50","2026-01-26 10:26:51"
16,ACC-UJ7356,samsung-25w-usb-c-charger,"Samsung 25W USB-C Charger","شاحن سامسونج 25 واط USB-C","Super fast charging adapter compatible with Galaxy devices.","محول شحن سريع جداً متوافق مع أجهزة جالكسي.","Super fast charging adapter compatible with Galaxy devices.","محول شحن سريع جداً متوافق مع أجهزة جالكسي.",Electronics,Accessories,29.00,58.00,50%,150,,Active,No,,,,,,,,567,4.5,312,3450,samsung-25w-usb-c-charger.webp,"2026-01-26 10:26:50","2026-01-26 10:26:50"
2,PHN-DX2866,samsung-galaxy-s24-ultra,"Samsung Galaxy S24 Ultra","سامسونج جالكسي S24 الترا","AI-powered Galaxy with S Pen, 200MP camera, and Snapdragon 8 Gen 3.","جالكسي مدعوم بالذكاء الاصطناعي مع قلم S وكاميرا 200 ميجابكسل ومعالج سناب دراجون 8 الجيل الثالث.","AI-powered Galaxy with S Pen, 200MP camera, and Snapdragon 8 Gen 3.","جالكسي مدعوم بالذكاء الاصطناعي مع قلم S وكاميرا 200 ميجابكسل ومعالج سناب دراجون 8 الجيل الثالث.",Electronics,Smartphones,"1,299.00","1,850.00",29.8%,18,,Active,Yes,,,,,,,,203,4.7,124,3150,samsung-galaxy-s24-ultra.webp,"2026-01-26 10:26:50","2026-01-26 10:26:50"
49,YNI-4977,silk-scarf,"Silk Scarf","وشاح حرير","Luxurious 100% silk scarf with elegant pattern. Versatile accessory for any outfit.","وشاح حرير فاخر 100% بنقشة أنيقة. إكسسوار متعدد الاستخدامات لأي إطلالة.","Luxurious 100% silk scarf with elegant pattern. Versatile accessory for any outfit.","وشاح حرير فاخر 100% بنقشة أنيقة. إكسسوار متعدد الاستخدامات لأي إطلالة.",Fashion,"Women's Fashion",25.00,,,40,,Active,No,,,,,,,,53,4.4,53,625,silk-scarf.webp,"2026-01-26 10:26:50","2026-01-26 10:26:51"
109,M38-B1254,sluban-army-joint-assault-744-pieces-building-set,"sluban Army Joint Assault – 744 Pieces Building Set","سلوبان مجموعة هجوم مشترك (744 قطعة)","An action-packed military building set from sluban Army featuring 744 pieces.","مجموعة تركيب عسكرية مميزة من sluban Army تضم 744 قطعة.","An action-packed military building set from sluban Army featuring 744 pieces.","مجموعة تركيب عسكرية مميزة من sluban Army تضم 744 قطعة.","Building Blocks",Military,34.47,,,32,,Active,No,,,,,,,,69,4.1,21,486,sluban-army-joint-assault-744-pieces-building-set.webp,"2026-01-26 10:26:51","2026-01-26 10:26:51"
111,M38-B1253,sluban-army-t14s-armata-tank-319-pieces-building-set,"sluban Army T14S Armata Tank – 319 Pieces Building Set","سلوبان آرمـي دبابة أرماتا تي-14 إس – 319 قطعة","A military building set from sluban Army that lets you build the powerful T14S Armata Tank.","مجموعة تركيب عسكرية من sluban Army تتيح بناء دبابة T14S Armata.","A military building set from sluban Army that lets you build the powerful T14S Armata Tank.","مجموعة تركيب عسكرية من sluban Army تتيح بناء دبابة T14S Armata.","Building Blocks",Military,16.37,,,48,,Active,No,,,,,,,,91,4.2,18,314,sluban-army-t14s-armata-tank-319-pieces-building-set.webp,"2026-01-26 10:26:51","2026-01-26 10:26:51"
120,M38-B1216,sluban-metropolis-doctor-dream-city-hospital-pull-back,"sluban Metropolis Doctor – Dream City Hospital (Pull Back)","سلوبان متروبوليس – مستشفى مدينة الأحلام (خاصية السحب للخلف)","A fun building set from sluban Metropolis to construct the Dream City Hospital.","مجموعة تركيب ممتعة من سلوبان متروبوليس لبناء مستشفى مدينة الأحلام.","A fun building set from sluban Metropolis to construct the Dream City Hospital.","مجموعة تركيب ممتعة من سلوبان متروبوليس لبناء مستشفى مدينة الأحلام.","Building Blocks","City & Buildings",38.78,,,40,,Active,No,,,,,,,,33,4.0,2,194,sluban-metropolis-doctor-dream-city-hospital-pull-back.webp,"2026-01-26 10:26:51","2026-01-26 10:26:52"
121,M38-B1215,sluban-metropolis-doctor-mobile-nursing-car-pull-back,"sluban Metropolis Doctor – Mobile Nursing Car (Pull Back)","سلوبان متروبوليس – سيارة التمريض المتنقلة (خاصية السحب للخلف)","A fun building set from sluban Metropolis to construct the Mobile Nursing Car.","مجموعة تركيب ممتعة من سلوبان متروبوليس لبناء سيارة التمريض المتنقلة.","A fun building set from sluban Metropolis to construct the Mobile Nursing Car.","مجموعة تركيب ممتعة من سلوبان متروبوليس لبناء سيارة التمريض المتنقلة.","Building Blocks","City & Buildings",21.54,,,36,,Active,No,,,,,,,,92,4.3,4,430,sluban-metropolis-doctor-mobile-nursing-car-pull-back.webp,"2026-01-26 10:26:51","2026-02-03 07:34:46"
117,M38-B1220,sluban-metropolis-police-central-police-station-pull-back,"sluban Metropolis Police – Central Police Station (Pull Back)","سلوبان متروبوليس شرطة – مركز الشرطة المركزي (خاصية السحب للخلف)","A fantastic building set from sluban Metropolis Police to construct the Central Police Station.","مجموعة تركيب رائعة من سلوبان متروبوليس شرطة لبناء مركز الشرطة المركزي.","A fantastic building set from sluban Metropolis Police to construct the Central Police Station.","مجموعة تركيب رائعة من سلوبان متروبوليس شرطة لبناء مركز الشرطة المركزي.","Building Blocks","City & Buildings",38.78,,,40,,Active,No,,,,,,,,97,5.0,2,157,sluban-metropolis-police-central-police-station-pull-back.webp,"2026-01-26 10:26:51","2026-01-26 10:26:52"
119,M38-B1218,sluban-metropolis-police-escort-criminal-yuri-pull-back,"sluban Metropolis Police – Escort Criminal Yuri (Pull Back)","سلوبان متروبوليس شرطة – مرافقة المجرم يوري (خاصية السحب للخلف)","A fun building set from sluban Metropolis Police to create the Escort Criminal Yuri scene.","مجموعة تركيب ممتعة من سلوبان متروبوليس شرطة لبناء مشهد مرافقة المجرم يوري.","A fun building set from sluban Metropolis Police to create the Escort Criminal Yuri scene.","مجموعة تركيب ممتعة من سلوبان متروبوليس شرطة لبناء مشهد مرافقة المجرم يوري.","Building Blocks","City & Buildings",14.65,37.00,60.4%,48,,Active,No,,,,,,,,54,4.7,3,417,sluban-metropolis-police-escort-criminal-yuri-pull-back.webp,"2026-01-26 10:26:51","2026-01-26 10:26:52"
110,M38-B1219,sluban-metropolis-police-invasion-command-vehicle-pull-back,"sluban Metropolis Police – Invasion Command Vehicle (Pull Back)","سلوبان مركبة القيادة لمواجهة الغزو (خاصية السحب للخلف)","A dynamic command vehicle from sluban Metropolis Police, featuring a modern design and pull-back action.","مركبة قيادة مميزة من sluban Metropolis Police بتصميم عصري وميزة السحب للخلف.","A dynamic command vehicle from sluban Metropolis Police, featuring a modern design and pull-back action.","مركبة قيادة مميزة من sluban Metropolis Police بتصميم عصري وميزة السحب للخلف.","Building Blocks","City & Buildings",21.54,,,36,,Active,No,,,,,,,,25,4.8,35,473,sluban-metropolis-police-invasion-command-vehicle-pull-back.webp,"2026-01-26 10:26:51","2026-01-26 10:26:51"
116,M38-B1233,sluban-modelbricks-135-wz-10s-metal-coating-version-914-pieces,"sluban ModelBricks 1/35 WZ-10S (Metal Coating Version) – 914 Pieces","سلوبان موديل بريكس هليكوبتر دبابة WZ-10S (نسخة بطبقة معدنية) – 914 قطعة","An advanced building set from sluban ModelBricks to construct the WZ-10S helicopter with a metal coating.","مجموعة تركيب متقدمة من سلوبان موديل بريكس لبناء هليكوبتر WZ-10S.","An advanced building set from sluban ModelBricks to construct the WZ-10S helicopter with a metal coating.","مجموعة تركيب متقدمة من سلوبان موديل بريكس لبناء هليكوبتر WZ-10S.","Building Blocks","City & Buildings",51.72,,,18,,Active,No,,,,,,,,50,3.8,24,116,sluban-modelbricks-135-wz-10s-metal-coating-version-914-pieces.webp,"2026-01-26 10:26:51","2026-01-26 10:26:51"
115,M38-B1234,sluban-modelbricks-135-ztz-99as-tank-metal-coating-version-1079-pieces,"sluban ModelBricks 1/35 ZTZ-99AS Tank (Metal Coating Version) – 1079 Pieces","سلوبان موديل بريكس دبابة زد تي زد-99 إيه إس (نسخة بطبقة معدنية) – 1079 قطعة","A premium building set from sluban ModelBricks to construct the ZTZ-99AS tank with a metal coating.","مجموعة تركيب فاخرة من سلوبان موديل بريكس لبناء دبابة زد تي زد-99 إيه إس.","A premium building set from sluban ModelBricks to construct the ZTZ-99AS tank with a metal coating.","مجموعة تركيب فاخرة من سلوبان موديل بريكس لبناء دبابة زد تي زد-99 إيه إس.","Building Blocks",Military,51.72,,,18,,Active,No,,,,,,,,90,3.8,10,399,sluban-modelbricks-135-ztz-99as-tank-metal-coating-version-1079-pieces.webp,"2026-01-26 10:26:51","2026-01-26 10:26:51"
114,M38-B1250,sluban-modelbricks-bmd-2s-airborne-armored-vehicle-2-in-1-516-pieces,"sluban ModelBricks BMD-2S Airborne Armored Vehicle 2 in 1 – 516 Pieces","سلوبان موديل بريكس مدرعة الإنزال الجوي بي إم دي-2 إس (2 في 1) – 516 قطعة","A detailed building set from sluban ModelBricks that allows you to build the BMD-2S airborne armored vehicle.","مجموعة تركيب مميزة من سلوبان موديل بريكس تتيح بناء مدرعة الإنزال الجوي بي إم دي-2 إس.","A detailed building set from sluban ModelBricks that allows you to build the BMD-2S airborne armored vehicle.","مجموعة تركيب مميزة من سلوبان موديل بريكس تتيح بناء مدرعة الإنزال الجوي بي إم دي-2 إس.","Building Blocks",Military,18.09,,,48,,Active,No,,,,,,,,18,4.7,30,200,sluban-modelbricks-bmd-2s-airborne-armored-vehicle-2-in-1-516-pieces.webp,"2026-01-26 10:26:51","2026-01-26 10:26:51"
113,M38-B1251,sluban-modelbricks-btr80as-infantry-fighting-vehicle-2-in-1-611-pieces,"sluban ModelBricks BTR80AS Infantry Fighting Vehicle 2 in 1 – 611 Pieces","سلوبان موديل بريكس مدرعة المشاة بي تي آر 80 إيه إس (2 في 1) – 611 قطعة","A versatile building set from sluban ModelBricks that lets you build the BTR80AS infantry fighting vehicle with a 2-in-1 build option.","مجموعة تركيب مميزة من سلوبان موديل بريكس تتيح بناء مدرعة المشاة بي تي آر 80 إيه إس.","A versatile building set from sluban ModelBricks that lets you build the BTR80AS infantry fighting vehicle with a 2-in-1 build option.","مجموعة تركيب مميزة من سلوبان موديل بريكس تتيح بناء مدرعة المشاة بي تي آر 80 إيه إس.","Building Blocks",Military,24.13,,,48,,Active,No,,,,,,,,10,3.6,19,263,sluban-modelbricks-btr80as-infantry-fighting-vehicle-2-in-1-611-pieces.webp,"2026-01-26 10:26:51","2026-01-26 10:26:51"
112,M38-B1252,sluban-modelbricks-pantsir-s1s-self-propelled-ads-659-pieces,"sluban ModelBricks Pantsir-S1S Self-Propelled ADS – 659 Pieces","سلوبان موديل بريكس منظومة بانتسير إس-1 إس ذاتية الحركة – 659 قطعة","A detailed building set from sluban ModelBricks that allows you to build the Pantsir-S1S self-propelled air defense system.","مجموعة تركيب متقدمة من سلوبان موديل بريكس تتيح بناء منظومة بانتسير إس-1 إس.","A detailed building set from sluban ModelBricks that allows you to build the Pantsir-S1S self-propelled air defense system.","مجموعة تركيب متقدمة من سلوبان موديل بريكس تتيح بناء منظومة بانتسير إس-1 إس.","Building Blocks",Military,24.99,,,36,,Active,No,,,,,,,,20,3.9,49,461,sluban-modelbricks-pantsir-s1s-self-propelled-ads-659-pieces.webp,"2026-01-26 10:26:51","2026-01-26 10:26:51"
118,M38-B1129,sluban-modelbricks-s1000ms-motorcycle-112-242-pieces,"sluban ModelBricks S1000MS Motorcycle 1/12 – 242 Pieces","سلوبان موديل بريكس دراجة نارية S1000MS بمقياس 1/12 – 242 قطعة","A building set from sluban ModelBricks to construct the S1000MS motorcycle at 1/12 scale.","مجموعة تركيب من سلوبان موديل بريكس لبناء دراجة نارية S1000MS.","A building set from sluban ModelBricks to construct the S1000MS motorcycle at 1/12 scale.","مجموعة تركيب من سلوبان موديل بريكس لبناء دراجة نارية S1000MS.","Building Blocks",Vehicles,11.20,,,108,,Active,No,,,,,,,,96,4.0,1,497,sluban-modelbricks-s1000ms-motorcycle-112-242-pieces.webp,"2026-01-26 10:26:51","2026-01-26 10:26:52"
108,M38-B0836,sluban-modelbricks-uss-constitution-1x-21-frigate-1170,"sluban ModelBricks USS Constitution 1X-21 Frigate 1:170","سلوبان موديل بريكس سفينة يو إس إس كونستيتيوشن 1X-21 فرقاطة – بمقياس 1:170","A detailed building set from sluban ModelBricks that recreates the legendary USS Constitution warship.","مجموعة تركيب مميزة من sluban ModelBricks تجسّد السفينة الحربية التاريخية USS Constitution.","A detailed building set from sluban ModelBricks that recreates the legendary USS Constitution warship.","مجموعة تركيب مميزة من sluban ModelBricks تجسّد السفينة الحربية التاريخية USS Constitution.","Building Blocks","Ships & Boats",42.23,,,24,,Active,No,,,,,,,,31,4.0,2,304,sluban-modelbricks-uss-constitution-1x-21-frigate-1170.webp,"2026-01-26 10:26:51","2026-01-26 10:26:52"
51,TSD-2183,smart-led-desk-lamp,"Smart LED Desk Lamp","مصباح مكتب LED ذكي","Touch-controlled LED desk lamp with adjustable brightness and color temperature. USB charging port included.","مصباح مكتب LED بتحكم باللمس مع سطوع ودرجة حرارة لون قابلة للتعديل. يتضمن منفذ شحن USB.","Touch-controlled LED desk lamp with adjustable brightness and color temperature. USB charging port included.","مصباح مكتب LED بتحكم باللمس مع سطوع ودرجة حرارة لون قابلة للتعديل. يتضمن منفذ شحن USB.","Home & Kitchen","Home Decor",32.00,,,28,,Active,No,,,,,,,,66,4.5,63,781,smart-led-desk-lamp.webp,"2026-01-26 10:26:50","2026-01-26 10:26:51"
36,MRO-9406,sports-gym-bag,"Sports Gym Bag","حقيبة رياضية","Large capacity gym bag with shoe compartment and wet pocket. Water-resistant fabric, adjustable shoulder strap.","حقيبة رياضية كبيرة السعة مع جيب للأحذية وجيب للملابس المبللة. قماش مقاوم للماء، حزام كتف قابل للتعديل.","Large capacity gym bag with shoe compartment and wet pocket. Water-resistant fabric, adjustable shoulder strap.","حقيبة رياضية كبيرة السعة مع جيب للأحذية وجيب للملابس المبللة. قماش مقاوم للماء، حزام كتف قابل للتعديل.",Sports,"Fitness Equipment",25.00,,,35,,Active,No,,,,,,,,21,4.8,11,460,sports-gym-bag.webp,"2026-01-26 10:26:50","2026-01-26 10:26:51"
32,BZN-6930,stainless-steel-knife-set,"Stainless Steel Knife Set","طقم سكاكين ستانلس ستيل","Professional 6-piece knife set with wooden block. High-carbon stainless steel blades, ergonomic handles.","طقم سكاكين احترافي 6 قطع مع حامل خشبي. شفرات ستانلس ستيل عالية الكربون، مقابض مريحة.","Professional 6-piece knife set with wooden block. High-carbon stainless steel blades, ergonomic handles.","طقم سكاكين احترافي 6 قطع مع حامل خشبي. شفرات ستانلس ستيل عالية الكربون، مقابض مريحة.","Home & Kitchen","Kitchen Appliances",35.00,,,25,,Active,No,,,,,,,,42,4.5,2,385,stainless-steel-knife-set.webp,"2026-01-26 10:26:50","2026-01-26 10:26:52"
39,MYE-7507,sticky-notes-variety-pack,"Sticky Notes Variety Pack","مجموعة ملصقات لاصقة","Colorful sticky notes in various sizes and shapes. 500 sheets total, perfect for organization and reminders.","ملصقات لاصقة ملونة بأحجام وأشكال متنوعة. 500 ورقة إجمالاً، مثالية للتنظيم والتذكيرات.","Colorful sticky notes in various sizes and shapes. 500 sheets total, perfect for organization and reminders.","ملصقات لاصقة ملونة بأحجام وأشكال متنوعة. 500 ورقة إجمالاً، مثالية للتنظيم والتذكيرات.",Stationery,"Office Supplies",8.00,,,80,,Active,No,,,,,,,,26,4.5,42,387,sticky-notes-variety-pack.webp,"2026-01-26 10:26:50","2026-01-26 10:26:51"
23,SKN-UA3770,the-ordinary-niacinamide-10,"The Ordinary Niacinamide 10%","ذا أورديناري نياسيناميد 10%","Serum for reducing blemishes and balancing sebum.","سيروم لتقليل الشوائب وموازنة الدهون.","Serum for reducing blemishes and balancing sebum.","سيروم لتقليل الشوائب وموازنة الدهون.",Skincare,,12.00,24.00,50%,95,,Active,No,,,,,,,,534,4.6,367,5430,the-ordinary-niacinamide-10.webp,"2026-01-26 10:26:50","2026-01-26 10:26:51"
38,HJB-7303,watercolor-paint-set,"Watercolor Paint Set","طقم ألوان مائية","Professional watercolor set with 24 vibrant colors. Includes palette, brushes, and portable case.","طقم ألوان مائية احترافي مع 24 لوناً زاهياً. يشمل لوحة وفرش وحقيبة محمولة.","Professional watercolor set with 24 vibrant colors. Includes palette, brushes, and portable case.","طقم ألوان مائية احترافي مع 24 لوناً زاهياً. يشمل لوحة وفرش وحقيبة محمولة.",Stationery,"School Supplies",22.00,65.00,66.2%,30,,Active,No,,,,,,,,21,4.8,23,518,watercolor-paint-set.webp,"2026-01-26 10:26:50","2026-01-26 10:26:51"
62,FCX-8825,wooden-stacking-toys,"Wooden Stacking Toys","ألعاب تكديس خشبية","Educational wooden stacking rings in vibrant colors. Non-toxic paint, smooth edges. Ages 1+.","حلقات تكديس خشبية تعليمية بألوان زاهية. طلاء غير سام، حواف ناعمة. للأعمار 1+.","Educational wooden stacking rings in vibrant colors. Non-toxic paint, smooth edges. Ages 1+.","حلقات تكديس خشبية تعليمية بألوان زاهية. طلاء غير سام، حواف ناعمة. للأعمار 1+.",Kids,Toys,14.00,20.00,30%,40,,Active,No,,,,,,,,83,3.0,1,682,wooden-stacking-toys.webp,"2026-01-26 10:26:50","2026-01-26 10:26:52"
29,MVM-5490,wool-beanie-hat,"Wool Beanie Hat","قبعة صوف","Soft merino wool beanie hat for winter. Warm, breathable, and comfortable fit for all head sizes.","قبعة صوف ميرينو ناعمة للشتاء. دافئة، قابلة للتنفس، ومريحة لجميع أحجام الرأس.","Soft merino wool beanie hat for winter. Warm, breathable, and comfortable fit for all head sizes.","قبعة صوف ميرينو ناعمة للشتاء. دافئة، قابلة للتنفس، ومريحة لجميع أحجام الرأس.",Fashion,"Men's Fashion",12.00,,,55,,Active,No,,,,,,,,19,4.2,44,341,wool-beanie-hat.webp,"2026-01-26 10:26:50","2026-01-26 10:26:51"
3,PHN-LF1927,xiaomi-14-pro,"Xiaomi 14 Pro","شاومي 14 برو","Leica optics, Snapdragon 8 Gen 3, and 120W HyperCharge.","بصريات لايكا ومعالج سناب دراجون 8 الجيل الثالث وشحن سريع 120 واط.","Leica optics, Snapdragon 8 Gen 3, and 120W HyperCharge.","بصريات لايكا ومعالج سناب دراجون 8 الجيل الثالث وشحن سريع 120 واط.",Electronics,Smartphones,799.00,"1,140.00",29.9%,35,,Active,No,,,,,,,,87,3.5,56,1906,xiaomi-14-pro.webp,"2026-01-26 10:26:50","2026-01-27 12:11:43"
124,HOOD-MEN-001,zip-hoodie-men-fleece-lined,"Zip Up Hoodie for Men - Soft Fleece Lined","هودي بسحاب للرجال - بطانة صوف ناعمة","Premium cotton-polyester blend zip-up hoodie with soft fleece lining. Perfect for daily wear and gym.","هودي بسحاب من مزيج القطن والبوليستر الفاخر مع بطانة صوف ناعمة. مثالي للارتداء اليومي.","Made From a Premium Cotton-Polyester Blend; This soft and breathable men hoodie provides gentle comfort and balanced warmth. Ideal for daily wear, gym workouts, travel, lounging, or casual outdoor use in all seasons without feeling heavy.

Features a Smooth Full-Length Zipper; This durable zip-up hoodie for men offers easy wear without the hassle of pullover styles. Quick front access, reinforced stitching.

Available in multiple colors: Black, White, Red, and Grey.","مصنوع من مزيج قطن وبوليستر فاخر؛ يوفر هذا الهودي الرجالي الناعم والمسامي راحة لطيفة ودفء متوازن. مثالي للارتداء اليومي، التمارين الرياضية، السفر، الاسترخاء، أو الاستخدام الخارجي في جميع الفصول دون الشعور بالثقل.

يتميز بسحاب كامل الطول؛ يوفر هذا الهودي المتين سهولة في الارتداء.

متوفر بعدة ألوان: أسود، أبيض، أحمر، ورمادي.",Fashion,"Men's Fashion",59.99,150.00,60%,486,,Active,Yes,black,#000000,"S, M, L, XL, XXL, 3XL, 4XL","S:55, M:100, L:118, XL:75, XXL:39, 3XL:23, 4XL:13","Black, White, Red, Grey","black_S:55, black_M:100, black_L:118, black_XL:75, black_XXL:39, black_3XL:23, black_4XL:13, white_S:0, white_M:0, white_L:40, white_XL:0, white_XXL:0, white_3XL:0, white_4XL:0, red_S:0, red_M:5, red_L:0, red_XL:8, red_XXL:0, red_3XL:0, red_4XL:0, grey_S:0, grey_M:0, grey_L:0, grey_XL:0, grey_XXL:10, grey_3XL:0, grey_4XL:0",,2,4.8,5,9,zip-hoodie-men-fleece-lined.webp,"2026-01-26 10:26:51","2026-01-31 07:30:51"
